,e0b9d79758b - initial,,,,,,408a28e7676 - sup json,,,,,,01b8046c58e - WithName WithValues,,,,,,32596ed3ef9 - only v>3,,,,,,f7ac1e31be7 - no WithName,,,,,
,Average,Perc50,Perc90,Perc95,Perc99,Unit,Average,Perc50,Perc90,Perc95,Perc99,Unit,Average,Perc50,Perc90,Perc95,Perc99,Unit,Average,Perc50,Perc90,Perc95,Perc99,Unit,Average,Perc50,Perc90,Perc95,Perc99,Unit
BenchmarkPerfScheduling/SchedulingBasic/500Nodes/namespace-2,,,,,,,,,,,,,,,,,,,,,,,,,,,,,,
SchedulingThroughput,500,448,552,552,552,pods/s,952,952,952,952,952,pods/s,816,816,816,816,816,pods/s,1000,1000,1000,1000,1000,pods/s,1000,1000,1000,1000,1000,pods/s
BenchmarkPerfScheduling/SchedulingBasic/500Nodes/namespace-2,,,,,,,,,,,,,,,,,,,,,,,,,,,,,,
scheduler_framework_extension_point_duration_seconds,0.422279218,0.309762533,0.904347826,1.339130435,2.488888889,ms,2.786266042,1.894454383,4.98630137,7.726027397,17.77777778,ms,0.471082742,0.325219573,0.8,1.406060606,4.48,ms,2.509231943,1.621118012,3.652173913,7.870967742,24.53333333,ms,0.187664343,0.153272727,0.379874214,0.591549296,1.1,ms
BenchmarkPerfScheduling/SchedulingBasic/500Nodes/namespace-2,,,,,,,,,,,,,,,,,,,,,,,,,,,,,,
scheduler_framework_extension_point_duration_seconds,0.974794319,0.745365854,1.662337662,2.701298701,5.894736842,ms,459.8357205,462.3622047,986.4220183,1133.211009,1250.642202,ms,0.533049636,0.343884892,0.912820513,1.425641026,4.363636364,ms,372.1953386,400.11994,592.023988,616.011994,635.2023988,ms,0.411084792,0.323915737,0.735135135,1.187878788,2.338461538,ms
BenchmarkPerfScheduling/SchedulingBasic/500Nodes/namespace-2,,,,,,,,,,,,,,,,,,,,,,,,,,,,,,
scheduler_scheduling_attempt_duration_seconds,4.66753078,3.751072961,8.444444444,12.88888889,21.33333333,ms,0.27015746,0.169616027,0.56,0.76,1.6,ms,2.703635249,1.8,4.281690141,7.098591549,25.84615385,ms,0.223102424,0.158064516,0.386666667,0.662295082,1.777777778,ms,2.144693409,1.599520384,3.434782609,6.461538462,14.25,ms
BenchmarkPerfScheduling/SchedulingBasic/500Nodes/namespace-2,,,,,,,,,,,,,,,,,,,,,,,,,,,,,,
scheduler_pod_scheduling_duration_seconds,764.0221132,758.7628866,1340.952381,1950.47619,2438.095238,ms,0.572940693,0.377935943,1.12,1.52,3.054545455,ms,501.640331,491.8377088,1070.849673,1175.424837,1259.084967,ms,0.471093356,0.330718954,0.794160584,1.318918919,2.844444444,ms,337.6169418,348.56102,581.712204,610.856102,634.1712204,ms
BenchmarkPerfScheduling/SchedulingBasic/5000Nodes/namespace-2,,,,,,,,,,,,,,,,,,,,,,,,,,,,,,
SchedulingThroughput,500,467,533,533,533,pods/s,500,451,549,549,549,pods/s,500,461,539,539,539,pods/s,500,182,818,818,818,pods/s,500,167,833,833,833,pods/s
BenchmarkPerfScheduling/SchedulingBasic/5000Nodes/namespace-2,,,,,,,,,,,,,,,,,,,,,,,,,,,,,,
scheduler_scheduling_attempt_duration_seconds,3.393393572,2.74912892,5.906976744,9.212121212,27.29411765,ms,3.467460502,3.077389985,6.782608696,9.306122449,15.83673469,ms,845.0690802,856.1220044,1906.938776,2233.469388,2494.693878,ms,2.504480464,1.963391137,4.23255814,6.558139535,12.23529412,ms,555.8220575,548.9230769,1115.475578,1197.737789,1263.547558,ms
BenchmarkPerfScheduling/SchedulingBasic/5000Nodes/namespace-2,,,,,,,,,,,,,,,,,,,,,,,,,,,,,,
scheduler_pod_scheduling_duration_seconds,796.9717104,853.3333333,1194.666667,1237.333333,1271.466667,ms,792.2107462,782.3728814,1597.593985,2078.796992,2463.759398,ms,0.705231261,0.605988024,0.79760479,2.084848485,5.92,ms,560.3033244,561.2565445,1122.364532,1201.182266,1264.236453,ms,0.273594228,0.179617834,0.612173913,0.786086957,1.538461538,ms
BenchmarkPerfScheduling/SchedulingBasic/5000Nodes/namespace-2,,,,,,,,,,,,,,,,,,,,,,,,,,,,,,
scheduler_framework_extension_point_duration_seconds,0.40552709,0.230555556,0.714049587,1.257142857,3.2,ms,0.4208889,0.293002257,0.797560976,1.336986301,2.88,ms,0.810205802,0.625733634,1.060465116,2.210909091,5.12,ms,0.285589608,0.19057971,0.625925926,0.85106383,1.531914894,ms,0.644830847,0.609750297,0.8,1.455737705,3.2,ms
BenchmarkPerfScheduling/SchedulingBasic/5000Nodes/namespace-2,,,,,,,,,,,,,,,,,,,,,,,,,,,,,,
scheduler_framework_extension_point_duration_seconds,0.854346668,0.642392718,1.436065574,2.530232558,6.260869565,ms,0.896533066,0.688791849,1.546428571,2.565517241,5.79047619,ms,3.343682255,3.111111111,4.347826087,9.333333333,16,ms,0.649383727,0.612135922,0.944444444,1.5,2.977777778,ms,2.482558499,1.871080139,3.946268657,6.447761194,13.09090909,ms
BenchmarkPerfScheduling/SchedulingPodAntiAffinity/500Nodes/sched-1,,,,,,,,,,,,,,,,,,,,,,,,,,,,,,
SchedulingThroughput,200,145,255,255,255,pods/s,400,400,400,400,400,pods/s,400,400,400,400,400,pods/s,400,400,400,400,400,pods/s,400,400,400,400,400,pods/s
BenchmarkPerfScheduling/SchedulingPodAntiAffinity/500Nodes/sched-1,,,,,,,,,,,,,,,,,,,,,,,,,,,,,,
scheduler_pod_scheduling_duration_seconds,695.7884182,695.5251142,1163.105023,1221.552511,1268.310502,ms,3.333746445,3.104477612,5.333333333,8,15.11111111,ms,2.922002745,3.086350975,3.977715877,7.2,14,ms,2.96919877,3.063583815,3.988439306,7,14.66666667,ms,0.483718562,0.486635945,0.78156682,1.096296296,1.57037037,ms
BenchmarkPerfScheduling/SchedulingPodAntiAffinity/500Nodes/sched-1,,,,,,,,,,,,,,,,,,,,,,,,,,,,,,
scheduler_framework_extension_point_duration_seconds,1.053773465,0.842105263,2.156521739,2.852173913,5.6,ms,313.4811752,309.1262136,573.6787565,606.8393782,633.3678756,ms,309.8305051,308.1481481,573.3333333,606.6666667,633.3333333,ms,281.8577325,278.8990826,565.5813953,602.7906977,632.5581395,ms,0.276096241,0.224324324,0.396864865,0.741,1.9232,ms
BenchmarkPerfScheduling/SchedulingPodAntiAffinity/500Nodes/sched-1,,,,,,,,,,,,,,,,,,,,,,,,,,,,,,
scheduler_framework_extension_point_duration_seconds,0.66342786,0.46259542,1.386268657,1.834285714,5.7664,ms,0.622291948,0.550980392,1.2,1.442424242,2.8,ms,0.728629058,0.629230769,1.393939394,1.828571429,3.047619048,ms,0.543417353,0.535483871,0.793548387,1.292307692,3.2,ms,2.62980855,2.759124088,3.927007299,5.739130435,12.8,ms
BenchmarkPerfScheduling/SchedulingPodAntiAffinity/500Nodes/sched-1,,,,,,,,,,,,,,,,,,,,,,,,,,,,,,
scheduler_scheduling_attempt_duration_seconds,6.439642737,5.458333333,13.33333333,16.76190476,28.95238095,ms,0.324757426,0.273953488,0.635121951,0.922,1.5604,ms,0.344926689,0.267078189,0.398436214,0.876363636,2.802,ms,0.337443752,0.247738693,0.524615385,0.9025,2.2432,ms,239.1994432,229.9259259,536.7741935,588.3870968,629.6774194,ms
BenchmarkPerfScheduling/SchedulingPodAntiAffinity/5000Nodes/sched-1,,,,,,,,,,,,,,,,,,,,,,,,,,,,,,
SchedulingThroughput,142.8571429,139,193,193,193,pods/s,166.6666667,162,200,200,200,pods/s,199.2,203,241,241,241,pods/s,142.8571429,83,274,274,274,pods/s,244.5,242,265,265,265,pods/s
BenchmarkPerfScheduling/SchedulingPodAntiAffinity/5000Nodes/sched-1,,,,,,,,,,,,,,,,,,,,,,,,,,,,,,
scheduler_scheduling_attempt_duration_seconds,8.94503197,7.294892916,15.01796407,19.78947368,49.6,ms,8.16552362,6.787709497,14.59459459,20,45.17647059,ms,6.598410419,6.173435785,7.92974753,17.52380952,37.33333333,ms,9.10643752,6.658573596,23.80487805,30.30894309,57.41176471,ms,5.594325495,5.884892086,7.803357314,11.27272727,28.70588235,ms
BenchmarkPerfScheduling/SchedulingPodAntiAffinity/5000Nodes/sched-1,,,,,,,,,,,,,,,,,,,,,,,,,,,,,,
scheduler_pod_scheduling_duration_seconds,2878.372095,2737.686375,6529.855072,8384.927536,9868.985507,ms,2694.69401,2602.164706,5011.576471,7118.04878,9615.609756,ms,2309.868943,2160,4495.609756,4807.804878,5057.560976,ms,2276.518725,1914.529915,4978.983051,7297.471264,9651.494253,ms,1868.159063,1817.011494,4260.939597,4690.469799,5034.09396,ms
BenchmarkPerfScheduling/SchedulingPodAntiAffinity/5000Nodes/sched-1,,,,,,,,,,,,,,,,,,,,,,,,,,,,,,
scheduler_framework_extension_point_duration_seconds,0.75098818,0.629773463,1.386096257,1.6,5.221052632,ms,0.697186046,0.59456,1.254676259,1.542446043,5,ms,1.019283049,0.657069409,1.398773006,2.4,10.31111111,ms,0.763118191,0.485057471,1.6,2.575609756,5.028571429,ms,0.532432407,0.430204082,0.756734694,0.79755102,4.072727273,ms
BenchmarkPerfScheduling/SchedulingPodAntiAffinity/5000Nodes/sched-1,,,,,,,,,,,,,,,,,,,,,,,,,,,,,,
scheduler_framework_extension_point_duration_seconds,0.840730362,0.64600246,1.311764706,1.694117647,6.4,ms,0.744064041,0.62713797,1.030136986,1.578082192,5.92,ms,0.757047396,0.613903743,0.785026738,1.431578947,5.807407407,ms,0.775123006,0.595394737,1.504950495,2.705454545,5.828571429,ms,0.560186585,0.540401146,0.769627507,0.798280802,5.221052632,ms
BenchmarkPerfScheduling/SchedulingSecrets/500Nodes/namespace-2,,,,,,,,,,,,,,,,,,,,,,,,,,,,,,
SchedulingThroughput,893,893,893,893,893,pods/s,847,847,847,847,847,pods/s,790,790,790,790,790,pods/s,791,791,791,791,791,pods/s,1000,1000,1000,1000,1000,pods/s
BenchmarkPerfScheduling/SchedulingSecrets/500Nodes/namespace-2,,,,,,,,,,,,,,,,,,,,,,,,,,,,,,
scheduler_scheduling_attempt_duration_seconds,2.833561938,2.393509128,4.271186441,7.661016949,15.77777778,ms,0.411595442,0.315650741,0.762264151,1.230769231,2.488888889,ms,2.701273264,1.994035785,4.058823529,7,20,ms,544.3089329,552.4378109,1115.897436,1197.948718,1263.589744,ms,0.307486276,0.247881356,0.607594937,0.977777778,1.57037037,ms
BenchmarkPerfScheduling/SchedulingSecrets/500Nodes/namespace-2,,,,,,,,,,,,,,,,,,,,,,,,,,,,,,
scheduler_pod_scheduling_duration_seconds,507.4339902,508.8,1089.52381,1184.761905,1260.952381,ms,0.535851232,0.372711572,0.954216867,1.436144578,3.072,ms,530.9226138,525.8981233,1105.613079,1192.80654,1262.561308,ms,0.445827315,0.336806723,0.906024096,1.387951807,2.8,ms,0.387477962,0.319904077,0.680851064,1.075,1.575,ms
BenchmarkPerfScheduling/SchedulingSecrets/500Nodes/namespace-2,,,,,,,,,,,,,,,,,,,,,,,,,,,,,,
scheduler_framework_extension_point_duration_seconds,0.388251781,0.310685805,0.733333333,1.2,2.666666667,ms,2.95350705,2.490118577,4.96,7.626666667,15.13513514,ms,0.538859302,0.343884892,0.8,1.397014925,4.072727273,ms,0.556183447,0.398412698,1.066666667,1.496774194,2.917647059,ms,2.221210036,1.628930818,3.764705882,6.25,12.57142857,ms
BenchmarkPerfScheduling/SchedulingSecrets/500Nodes/namespace-2,,,,,,,,,,,,,,,,,,,,,,,,,,,,,,
scheduler_framework_extension_point_duration_seconds,0.514385915,0.365016502,0.856338028,1.41971831,3.2,ms,524.566717,532.1585903,1095.56196,1187.78098,1261.556196,ms,0.498284023,0.339082058,0.785106383,1.3375,3.12,ms,3.130000895,2.749103943,6.01980198,8,15.44186047,ms,378.9920651,376.7837338,613.3826248,698.1818182,1163.636364,ms
BenchmarkPerfScheduling/SchedulingSecrets/5000Nodes/namespace-2,,,,,,,,,,,,,,,,,,,,,,,,,,,,,,
SchedulingThroughput,293.6666667,271,351,351,351,pods/s,478,400,556,556,556,pods/s,483.5,438,529,529,529,pods/s,333.3333333,360,446,446,446,pods/s,500,457,543,543,543,pods/s
BenchmarkPerfScheduling/SchedulingSecrets/5000Nodes/namespace-2,,,,,,,,,,,,,,,,,,,,,,,,,,,,,,
scheduler_framework_extension_point_duration_seconds,1.135364247,0.720567376,2.456565657,3.545945946,10.47272727,ms,0.743998326,0.501801802,1.457142857,2.618181818,5.76,ms,0.947713582,0.65477707,1.536,2.854901961,9.6,ms,4.863707211,3.57480315,9.6,14.30588235,29.53846154,ms,3.164415592,2.807228916,4.301886792,8.242424242,25.14285714,ms
BenchmarkPerfScheduling/SchedulingSecrets/5000Nodes/namespace-2,,,,,,,,,,,,,,,,,,,,,,,,,,,,,,
scheduler_framework_extension_point_duration_seconds,1.600100719,0.995,2.937566138,4.647619048,12.8,ms,0.965262014,0.688372093,1.588625592,2.793650794,7.563636364,ms,0.84621671,0.633918129,1.420689655,2.470588235,5.12,ms,1153.464728,1203.858521,2283.542117,2421.771058,2532.354212,ms,697.8399574,646.3366337,1153.267327,1216.633663,1267.326733,ms
BenchmarkPerfScheduling/SchedulingSecrets/5000Nodes/namespace-2,,,,,,,,,,,,,,,,,,,,,,,,,,,,,,
scheduler_scheduling_attempt_duration_seconds,6.782823233,4.685082873,13.63380282,19.87878788,53.81818182,ms,4.250349427,3.244667503,7.96,13.2972973,30.11764706,ms,3.872862618,3.136363636,6.424242424,12.625,25.45454545,ms,0.860510484,0.586836518,1.6,2.85,6.4,ms,0.577448825,0.339082058,0.793478261,1.483636364,5.704347826,ms
BenchmarkPerfScheduling/SchedulingSecrets/5000Nodes/namespace-2,,,,,,,,,,,,,,,,,,,,,,,,,,,,,,
scheduler_pod_scheduling_duration_seconds,1493.356695,1369.302326,2560,3840,4864,ms,942.4704264,947.4942529,2092.846715,2326.423358,2513.284672,ms,988.2463298,991.5025907,2167.361963,2363.680982,2520.736196,ms,1.120384235,0.754285714,2.111111111,3.288888889,8.861538462,ms,0.699618241,0.605405405,0.9,2.24,5.236363636,ms
BenchmarkPerfScheduling/SchedulingInTreePVs/500Nodes/namespace-2,,,,,,,,,,,,,,,,,,,,,,,,,,,,,,
SchedulingThroughput,250,125,386,386,386,pods/s,250,132,382,382,382,pods/s,316.5,161,472,472,472,pods/s,250,233,332,332,332,pods/s,356,176,536,536,536,pods/s
BenchmarkPerfScheduling/SchedulingInTreePVs/500Nodes/namespace-2,,,,,,,,,,,,,,,,,,,,,,,,,,,,,,
scheduler_scheduling_attempt_duration_seconds,5.96953141,3.890359168,13.29230769,18,31.33333333,ms,1.757875233,1.350819672,3.578947368,5.684210526,11,ms,1.52438809,1.278940397,2.8416,4.528301887,10.51428571,ms,1.97369831,1.408210181,4.363636364,5.97979798,12.16,ms,4.535615265,3.288659794,9.731958763,13.8556701,26.18181818,ms
BenchmarkPerfScheduling/SchedulingInTreePVs/500Nodes/namespace-2,,,,,,,,,,,,,,,,,,,,,,,,,,,,,,
scheduler_pod_scheduling_duration_seconds,1431.473459,1512.536825,2350.507365,2455.253682,2539.050736,ms,0.645176255,0.368918919,1.422222222,2.305084746,5.066666667,ms,0.596033273,0.343266476,1.381132075,2.179310345,4.266666667,ms,0.70557069,0.418604651,1.490076336,2.453333333,5.221052632,ms,1056.665271,1068.877375,2145.760518,2352.880259,2518.576052,ms
BenchmarkPerfScheduling/SchedulingInTreePVs/500Nodes/namespace-2,,,,,,,,,,,,,,,,,,,,,,,,,,,,,,
scheduler_framework_extension_point_duration_seconds,1.762182004,1.324017467,3.983673469,5.616326531,11.05454545,ms,6.027142494,4.170731707,13.5483871,19.31034483,30.34482759,ms,4.749060732,3.300390117,9.6,14.30588235,27.73333333,ms,6.701033702,5.156626506,14.04316547,20.65454545,34.90909091,ms,1.393275119,1.162430939,2.907936508,4.616393443,9.142857143,ms
BenchmarkPerfScheduling/SchedulingInTreePVs/500Nodes/namespace-2,,,,,,,,,,,,,,,,,,,,,,,,,,,,,,
scheduler_framework_extension_point_duration_seconds,0.639889253,0.369491525,1.44,2.386440678,4.977777778,ms,1448.437762,1548.941548,2357.78831,2458.894155,2539.778831,ms,1189.532872,1211.22807,2276.186253,2418.093126,2531.618625,ms,1575.397905,1626.466165,2396.390977,2492.631579,3413.333333,ms,0.500397699,0.328865979,1.097435897,1.641025641,3.781818182,ms
BenchmarkPerfScheduling/SchedulingInTreePVs/5000Nodes/namespace-2,,,,,,,,,,,,,,,,,,,,,,,,,,,,,,
SchedulingThroughput,106.1111111,119,125,125,125,pods/s,107.7777778,119,125,125,125,pods/s,137.8571429,152,155,155,155,pods/s,96.3,104,108,113,113,pods/s,148.1666667,164,177,177,177,pods/s
BenchmarkPerfScheduling/SchedulingInTreePVs/5000Nodes/namespace-2,,,,,,,,,,,,,,,,,,,,,,,,,,,,,,
scheduler_scheduling_attempt_duration_seconds,14.86022089,12.59770115,23.05882353,39.24528302,63.39622642,ms,4359.011203,4385.57377,8943.797468,9591.898734,10110.37975,ms,2.435848576,2.463926941,3.194520548,6.817391304,12.3826087,ms,4890.496284,4843.040936,9134.168467,9687.084233,10129.41685,ms,10.56555559,10.8976378,15.93700787,28.20338983,57.21212121,ms
BenchmarkPerfScheduling/SchedulingInTreePVs/5000Nodes/namespace-2,,,,,,,,,,,,,,,,,,,,,,,,,,,,,,
scheduler_pod_scheduling_duration_seconds,4397.91674,4436.853933,8975.802469,9607.901235,10113.58025,ms,2.809485766,2.472899408,4.166037736,8.429268293,21.33333333,ms,1.001699577,0.629095074,1.496774194,3.824390244,9.386666667,ms,3.098808607,2.551558753,5.619512195,9.6,20.32941176,ms,3163.347879,3182.835249,5363.809524,7801.904762,9752.380952,ms
BenchmarkPerfScheduling/SchedulingInTreePVs/5000Nodes/namespace-2,,,,,,,,,,,,,,,,,,,,,,,,,,,,,,
scheduler_framework_extension_point_duration_seconds,2.827765289,2.487221571,4.363636364,8.581818182,20.62222222,ms,0.943045548,0.659713168,1.494039735,2.933333333,8.533333333,ms,11.25081092,12.36613272,16.8,30.13333333,58.4,ms,1.075544369,0.691970803,1.6,3.720930233,8.96,ms,2.148712673,1.607823961,3.172616137,6.008163265,12.12631579,ms
BenchmarkPerfScheduling/SchedulingInTreePVs/5000Nodes/namespace-2,,,,,,,,,,,,,,,,,,,,,,,,,,,,,,
scheduler_framework_extension_point_duration_seconds,1.025664292,0.663157895,1.583216783,3.536842105,9.890909091,ms,14.65605758,12.53001133,21.55102041,41.6,62.93333333,ms,3508.983937,3530.835214,7964.444444,9102.222222,10012.44444,ms,16.41185701,12.84261501,27.38461538,42.84745763,69.81818182,ms,0.731184744,0.602719407,0.832,2.545454545,6.260869565,ms
BenchmarkPerfScheduling/SchedulingMigratedInTreePVs/500Nodes/namespace-2,,,,,,,,,,,,,,,,,,,,,,,,,,,,,,
SchedulingThroughput,250,270,310,310,310,pods/s,250,251,329,329,329,pods/s,302,370,406,406,406,pods/s,200,263,276,276,276,pods/s,308.5,161,456,456,456,pods/s
BenchmarkPerfScheduling/SchedulingMigratedInTreePVs/500Nodes/namespace-2,,,,,,,,,,,,,,,,,,,,,,,,,,,,,,
scheduler_scheduling_attempt_duration_seconds,6.901467083,5.634782609,14.48101266,21.16129032,31.48387097,ms,6.849720597,5.43187067,14.59459459,22,32,ms,5.434405805,3.464128843,12.12121212,16.64,29.44,ms,7.747086288,6.227670753,15.68627451,24.8,41.14285714,ms,5.107420371,3.383125864,10.88888889,14.59259259,28,ms
BenchmarkPerfScheduling/SchedulingMigratedInTreePVs/500Nodes/namespace-2,,,,,,,,,,,,,,,,,,,,,,,,,,,,,,
scheduler_pod_scheduling_duration_seconds,1628.658835,1671.705686,2527.892977,3614.117647,4818.823529,ms,1633.469107,1680.503145,2485.534591,3088.253968,4713.650794,ms,1385.137633,1406.846847,2329.369369,2444.684685,2536.936937,ms,1821.742256,1877.973734,3934.814815,4527.407407,5001.481481,ms,1201.594143,1194.666667,2269.090909,2414.545455,2530.909091,ms
BenchmarkPerfScheduling/SchedulingMigratedInTreePVs/500Nodes/namespace-2,,,,,,,,,,,,,,,,,,,,,,,,,,,,,,
scheduler_framework_extension_point_duration_seconds,2.218657673,1.494736842,5.115328467,6.283211679,12.29473684,ms,2.196461968,1.474829932,5.062295082,6.373770492,12.20465116,ms,1.794708707,1.312163892,4.064,5.664,10.93333333,ms,2.438044318,1.596812749,5.376,6.67826087,12.24347826,ms,1.682675622,1.313125846,3.165217391,5.232432432,11.29411765,ms
BenchmarkPerfScheduling/SchedulingMigratedInTreePVs/500Nodes/namespace-2,,,,,,,,,,,,,,,,,,,,,,,,,,,,,,
scheduler_framework_extension_point_duration_seconds,0.687819657,0.389393939,1.441134752,2.21754386,4.654545455,ms,0.65938156,0.385185185,1.429007634,2.276923077,4.8,ms,0.675093912,0.371232877,1.437168142,2.357894737,5.2,ms,0.756081747,0.511420613,1.500621118,2.457142857,5.236363636,ms,0.514787546,0.336054422,1.251282051,1.593162393,3.051162791,ms
BenchmarkPerfScheduling/SchedulingMigratedInTreePVs/5000Nodes/namespace-2,,,,,,,,,,,,,,,,,,,,,,,,,,,,,,
SchedulingThroughput,100,104,117,121,121,pods/s,100,106,118,118,118,pods/s,128,142,147,147,147,pods/s,88.09090909,92,102,104,104,pods/s,125,154,162,162,162,pods/s
BenchmarkPerfScheduling/SchedulingMigratedInTreePVs/5000Nodes/namespace-2,,,,,,,,,,,,,,,,,,,,,,,,,,,,,,
scheduler_framework_extension_point_duration_seconds,3.179981493,2.61761658,6.198425197,9.802531646,16.29090909,ms,15.62644304,12.77897252,28.75949367,46.50666667,63.57333333,ms,12.03977957,12.54460094,22.91891892,36.65454545,59.92727273,ms,5299.365234,5326.372361,9257.274472,9748.637236,10141.72745,ms,11.33095559,11.54216867,21.78313253,31.42168675,58.31111111,ms
BenchmarkPerfScheduling/SchedulingMigratedInTreePVs/5000Nodes/namespace-2,,,,,,,,,,,,,,,,,,,,,,,,,,,,,,
scheduler_framework_extension_point_duration_seconds,1.031536411,0.686532951,1.856,3.768888889,7.876923077,ms,4766.83631,4770.563798,9112.246696,9676.123348,10127.22467,ms,3738.569902,3787.817746,8430.812721,9335.40636,10059.08127,ms,3.536591214,2.728611898,6.492753623,11.13043478,23.22962963,ms,3363.209447,3407.932489,7442.185792,8841.092896,9960.218579,ms
BenchmarkPerfScheduling/SchedulingMigratedInTreePVs/5000Nodes/namespace-2,,,,,,,,,,,,,,,,,,,,,,,,,,,,,,
scheduler_scheduling_attempt_duration_seconds,15.59253649,12.77511962,28,44.21052632,61.05263158,ms,3.195417858,2.583523447,6.018348624,10.21935484,21.94285714,ms,2.683804248,2.514285714,4.668852459,8.378181818,14.93333333,ms,1.165707149,0.715955766,2.33442623,4.408888889,10.24,ms,2.378977017,2.006299213,4.378947368,8.090566038,14.08,ms
BenchmarkPerfScheduling/SchedulingMigratedInTreePVs/5000Nodes/namespace-2,,,,,,,,,,,,,,,,,,,,,,,,,,,,,,
scheduler_pod_scheduling_duration_seconds,4746.622579,4801.987578,9126.956522,9683.478261,10128.69565,ms,1.013157361,0.682485876,1.659259259,3.140740741,8,ms,1.018764764,0.641837969,1.940983607,3.388235294,9.411764706,ms,18.21034752,13.41271989,31.61212121,50.17283951,85.33333333,ms,0.812531319,0.61809291,1.44,3.033333333,6.311111111,ms
BenchmarkPerfScheduling/SchedulingCSIPVs/500Nodes/namespace-2,,,,,,,,,,,,,,,,,,,,,,,,,,,,,,
SchedulingThroughput,228,142,367,367,367,pods/s,250,143,434,434,434,pods/s,387.5,219,556,556,556,pods/s,162.1666667,166,200,200,200,pods/s,451,277,625,625,625,pods/s
BenchmarkPerfScheduling/SchedulingCSIPVs/500Nodes/namespace-2,,,,,,,,,,,,,,,,,,,,,,,,,,,,,,
scheduler_framework_extension_point_duration_seconds,1.861698487,1.222960725,4.290909091,6.109090909,12.60606061,ms,1.432715982,0.978091873,2.977990431,4.32,7.2,ms,4.4526094,3.297016861,9.505882353,14.21176471,27.5862069,ms,11.564493,9.881318681,23.4954955,30.7027027,57.43589744,ms,4.250612913,3.276214834,9.882352941,13.80392157,26.66666667,ms
BenchmarkPerfScheduling/SchedulingCSIPVs/500Nodes/namespace-2,,,,,,,,,,,,,,,,,,,,,,,,,,,,,,
scheduler_framework_extension_point_duration_seconds,0.963889753,0.569620253,2.038356164,3.134246575,8.533333333,ms,0.79995656,0.4192,1.504347826,2.4,5.942857143,ms,1026.31164,1038.961039,2082.38806,2321.19403,2512.238806,ms,2569.983668,2634.563107,4622.912621,4871.456311,5070.291262,ms,889.9217773,926.6750314,1247.879548,1493.333333,2346.666667,ms
BenchmarkPerfScheduling/SchedulingCSIPVs/500Nodes/namespace-2,,,,,,,,,,,,,,,,,,,,,,,,,,,,,,
scheduler_scheduling_attempt_duration_seconds,8.202341051,5.448717949,19.83333333,28.16666667,52.92307692,ms,6.385640265,3.76056338,14.46464646,19.62264151,31.69811321,ms,1.146545306,0.698953662,2.557264957,3.423255814,6.4,ms,2.596009344,2.085274725,5.359349593,7.630769231,12.55384615,ms,1.008795859,0.661780105,2.318644068,2.996610169,5.866666667,ms
BenchmarkPerfScheduling/SchedulingCSIPVs/500Nodes/namespace-2,,,,,,,,,,,,,,,,,,,,,,,,,,,,,,
scheduler_pod_scheduling_duration_seconds,1952.934072,1982.281879,4011.774892,4565.887446,5009.177489,ms,1169.031932,1131.707317,2228.393782,2394.196891,2526.839378,ms,0.612287167,0.352207002,1.384946237,2.277966102,4.945454545,ms,1.324878625,1.015668203,2.841121495,4.5,7.68,ms,0.542855032,0.330890052,1.211428571,1.592380952,3.657142857,ms
BenchmarkPerfScheduling/SchedulingCSIPVs/5000Nodes/namespace-2,,,,,,,,,,,,,,,,,,,,,,,,,,,,,,
SchedulingThroughput,125,126,163,163,163,pods/s,123.375,127,152,152,152,pods/s,145.6666667,154,173,173,173,pods/s,111.1111111,119,138,138,138,pods/s,166.6666667,177,197,197,197,pods/s
BenchmarkPerfScheduling/SchedulingCSIPVs/5000Nodes/namespace-2,,,,,,,,,,,,,,,,,,,,,,,,,,,,,,
scheduler_framework_extension_point_duration_seconds,1.894139831,1.338358008,3.403174603,5.942857143,11.91111111,ms,13.29815114,12.45535714,16.69565217,28.28985507,60.44444444,ms,10.75341209,10.83544304,15.89873418,27.2,56.27586207,ms,14.89475801,12.5209513,20.12903226,34.66666667,61.33333333,ms,9.853952513,7.490401396,15.78571429,25.93939394,52.86956522,ms
BenchmarkPerfScheduling/SchedulingCSIPVs/5000Nodes/namespace-2,,,,,,,,,,,,,,,,,,,,,,,,,,,,,,
scheduler_framework_extension_point_duration_seconds,0.922191324,0.648743719,1.6,2.812121212,6.044444444,ms,3865.692431,3855.802469,8533.333333,9386.666667,10069.33333,ms,3269.499037,3359.386973,6608.794326,8424.397163,9876.879433,ms,4275.799878,4365.040214,8927.179487,9583.589744,10108.71795,ms,2843.634531,2920.687285,4680.137457,4900.068729,5076.013746,ms
BenchmarkPerfScheduling/SchedulingCSIPVs/5000Nodes/namespace-2,,,,,,,,,,,,,,,,,,,,,,,,,,,,,,
scheduler_scheduling_attempt_duration_seconds,12.93071044,12.33466135,24.71287129,34.50980392,59.60784314,ms,1.898839153,1.383090379,3.044725738,4.928,12.44444444,ms,1.881046644,1.316795866,3.00979021,5.12,12.46315789,ms,2.03495885,1.495652174,3.107246377,5.726315789,11.93513514,ms,1.519582245,1.244444444,1.6,4.547368421,10.13333333,ms
BenchmarkPerfScheduling/SchedulingCSIPVs/5000Nodes/namespace-2,,,,,,,,,,,,,,,,,,,,,,,,,,,,,,
scheduler_pod_scheduling_duration_seconds,3594.553976,3496.727273,7923.257919,9081.628959,10008.32579,ms,0.92868536,0.663143989,1.475449102,2.536585366,6.4,ms,0.994574785,0.64968789,1.494736842,2.844444444,8.32,ms,1.013438423,0.695420975,1.534156379,2.971428571,8.861538462,ms,0.708801198,0.601941748,0.796116505,2.224390244,6.023529412,ms
BenchmarkPerfScheduling/SchedulingPodAffinity/500Nodes/sched-1,,,,,,,,,,,,,,,,,,,,,,,,,,,,,,
SchedulingThroughput,500,315,685,685,685,pods/s,500,471,529,529,529,pods/s,500,480,520,520,520,pods/s,466,423,509,509,509,pods/s,500,329,671,671,671,pods/s
BenchmarkPerfScheduling/SchedulingPodAffinity/500Nodes/sched-1,,,,,,,,,,,,,,,,,,,,,,,,,,,,,,
scheduler_scheduling_attempt_duration_seconds,2.725941754,2.993006993,3.925407925,6.25,14.5,ms,867.3212986,850.2415459,1983.423423,2271.711712,2502.342342,ms,3.269873585,3.099428571,4.428571429,8,15.80487805,ms,4.112056756,3.433093525,7.355371901,10.14634146,24.42105263,ms,0.168376898,0.146841294,0.306796117,0.418604651,0.790697674,ms
BenchmarkPerfScheduling/SchedulingPodAffinity/500Nodes/sched-1,,,,,,,,,,,,,,,,,,,,,,,,,,,,,,
scheduler_pod_scheduling_duration_seconds,650.7418144,633.5785953,1150.445344,1215.222672,1267.044534,ms,0.222897373,0.161696306,0.362162162,0.587234043,1.55,ms,791.350506,767.113164,1723.398693,2141.699346,2476.339869,ms,976.5204985,957.5321337,2138.947368,2349.473684,2517.894737,ms,0.365289033,0.309649123,0.397368421,0.904347826,1.6,ms
BenchmarkPerfScheduling/SchedulingPodAffinity/500Nodes/sched-1,,,,,,,,,,,,,,,,,,,,,,,,,,,,,,
scheduler_framework_extension_point_duration_seconds,0.163434924,0.148406677,0.308108108,0.398198198,0.8,ms,0.472708588,0.344927536,0.744262295,1.104761905,3,ms,0.403525107,0.315545244,0.594594595,1.046153846,2.9,ms,0.233718961,0.170851371,0.385915493,0.622222222,1.364705882,ms,2.721141279,3.012514221,3.922639363,6,14.4,ms
BenchmarkPerfScheduling/SchedulingPodAffinity/500Nodes/sched-1,,,,,,,,,,,,,,,,,,,,,,,,,,,,,,
scheduler_framework_extension_point_duration_seconds,0.370706477,0.310253583,0.39845645,0.8,1.76,ms,3.70723814,3.181065089,6.138613861,8.6,22,ms,0.462277409,0.328369705,0.712258065,1.128205128,3.111111111,ms,0.506236438,0.371526587,0.768604651,1.271794872,2.971428571,ms,656.5409578,646.3366337,1153.267327,1216.633663,1267.326733,ms
BenchmarkPerfScheduling/SchedulingPodAffinity/5000Nodes/sched-1,,,,,,,,,,,,,,,,,,,,,,,,,,,,,,
SchedulingThroughput,83.33333333,78,108,108,108,pods/s,90.90909091,93,97,99,99,pods/s,100,110,122,123,123,pods/s,83.33333333,83,91,95,95,pods/s,125,131,136,136,136,pods/s
BenchmarkPerfScheduling/SchedulingPodAffinity/5000Nodes/sched-1,,,,,,,,,,,,,,,,,,,,,,,,,,,,,,
scheduler_scheduling_attempt_duration_seconds,15.66080319,13.50877193,28.78632479,34.28571429,70.4,ms,14.08850763,12.66900585,23.18367347,31.34693878,59.42857143,ms,11.75849217,12.2739726,15.92694064,28.67924528,58.51428571,ms,15.48220529,12.81927711,25.18032787,31.73770492,82.28571429,ms,10.1673354,11.23243243,15.55675676,21.14285714,55.17241379,ms
BenchmarkPerfScheduling/SchedulingPodAffinity/5000Nodes/sched-1,,,,,,,,,,,,,,,,,,,,,,,,,,,,,,
scheduler_pod_scheduling_duration_seconds,5391.808014,5047.154472,11418.0531,15949.02655,19573.80531,ms,5287.389674,5258.378378,9516.174636,10048.39917,17280,ms,4308.132013,4233.202614,8940.507614,9590.253807,10110.05076,ms,5767.786161,5657.716895,10998.51852,15739.25926,19531.85185,ms,3881.351,3875.229358,8738.533724,9489.266862,10089.85337,ms
BenchmarkPerfScheduling/SchedulingPodAffinity/5000Nodes/sched-1,,,,,,,,,,,,,,,,,,,,,,,,,,,,,,
scheduler_framework_extension_point_duration_seconds,0.489338382,0.340687679,0.771153846,1.309090909,3.123809524,ms,0.413993954,0.328865979,0.698795181,0.982857143,2.823529412,ms,0.810420236,0.648447205,1.306666667,1.573333333,6.981818182,ms,0.465744022,0.351975684,0.76119403,1.2,2.819047619,ms,0.347704511,0.314149822,0.556,0.756,2.713043478,ms
BenchmarkPerfScheduling/SchedulingPodAffinity/5000Nodes/sched-1,,,,,,,,,,,,,,,,,,,,,,,,,,,,,,
scheduler_framework_extension_point_duration_seconds,1.006428981,0.696296296,1.569230769,2.693333333,6.4,ms,0.933737315,0.670635995,1.419230769,1.866666667,9.035294118,ms,1.078104746,0.716957211,1.485350318,2.021052632,10.57391304,ms,1.005203986,0.735008375,1.482816901,1.595492958,6.981818182,ms,0.761106126,0.613219616,0.783795309,1.257142857,5.538461538,ms
BenchmarkPerfScheduling/SchedulingPreferredPodAffinity/500Nodes/sched-1,,,,,,,,,,,,,,,,,,,,,,,,,,,,,,
SchedulingThroughput,393.5,183,604,604,604,pods/s,500,378,622,622,622,pods/s,500,383,617,617,617,pods/s,243.5,246,298,298,298,pods/s,867,867,867,867,867,pods/s
BenchmarkPerfScheduling/SchedulingPreferredPodAffinity/500Nodes/sched-1,,,,,,,,,,,,,,,,,,,,,,,,,,,,,,
scheduler_framework_extension_point_duration_seconds,0.397650552,0.187067395,0.756302521,1.429787234,4.622222222,ms,3.527594753,3.027818448,6.518518519,9.904761905,24,ms,3.770164634,3.039242219,6.093023256,10.4,41.84615385,ms,1878.552555,1850.772627,4091.88755,4605.943775,5017.188755,ms,491.0607754,481.965602,1065.953177,1172.976589,1258.595318,ms
BenchmarkPerfScheduling/SchedulingPreferredPodAffinity/500Nodes/sched-1,,,,,,,,,,,,,,,,,,,,,,,,,,,,,,
scheduler_framework_extension_point_duration_seconds,0.805739181,0.493297587,1.5296,2.606451613,6.063157895,ms,665.6132256,662.2393822,1156.447876,1218.223938,1267.644788,ms,874.315475,893.243607,1237.792732,1305.098039,2309.019608,ms,0.608867058,0.380743982,1.176470588,1.512605042,3.733333333,ms,0.194522763,0.158241758,0.36,0.576271186,1.309090909,ms
BenchmarkPerfScheduling/SchedulingPreferredPodAffinity/500Nodes/sched-1,,,,,,,,,,,,,,,,,,,,,,,,,,,,,,
scheduler_scheduling_attempt_duration_seconds,5.064011669,3.415525114,10.81818182,15.36363636,43.63636364,ms,0.244700212,0.168162693,0.452173913,0.742028986,1.6,ms,0.520034833,0.327713921,0.777419355,1.449056604,5.6,ms,1.378762222,1.084231537,2.505882353,3.094117647,9.846153846,ms,0.43034812,0.324843945,0.714285714,1.128571429,2.533333333,ms
BenchmarkPerfScheduling/SchedulingPreferredPodAffinity/500Nodes/sched-1,,,,,,,,,,,,,,,,,,,,,,,,,,,,,,
scheduler_pod_scheduling_duration_seconds,1195.600968,1377.005545,2323.401109,2441.700555,2536.340111,ms,0.552567018,0.380831826,0.902857143,1.474285714,3.555555556,ms,0.612500205,0.398019802,0.970666667,1.504,5.866666667,ms,8.754070155,7.144827586,15.14563107,21.66666667,50,ms,2.543410733,2.455555556,3.937037037,6.357142857,13.66666667,ms
BenchmarkPerfScheduling/SchedulingPreferredPodAffinity/5000Nodes/sched-1,,,,,,,,,,,,,,,,,,,,,,,,,,,,,,
SchedulingThroughput,80.25,79,99,101,101,pods/s,237.25,237,252,252,252,pods/s,200,194,271,271,271,pods/s,200,209,224,224,224,pods/s,197,203,235,235,235,pods/s
BenchmarkPerfScheduling/SchedulingPreferredPodAffinity/5000Nodes/sched-1,,,,,,,,,,,,,,,,,,,,,,,,,,,,,,
scheduler_scheduling_attempt_duration_seconds,20.65573899,23.16477987,31.21509434,39.18367347,76.8,ms,7.000312682,6.434146341,12.71641791,15.70149254,29.02325581,ms,7.340309924,6.288329519,11.52542373,21.44,46.93333333,ms,7.85338708,6.857962697,14.30588235,15.8745098,29.09090909,ms,8.388117829,6.751031637,14.81773399,21.51724138,38.4,ms
BenchmarkPerfScheduling/SchedulingPreferredPodAffinity/5000Nodes/sched-1,,,,,,,,,,,,,,,,,,,,,,,,,,,,,,
scheduler_pod_scheduling_duration_seconds,6049.119382,5887.427293,11946.66667,16213.33333,19626.66667,ms,2044.169892,2028.474576,4394.787535,4757.393768,5047.478754,ms,2078.209382,1993.312693,4402.913165,4761.456583,5048.291317,ms,2310.307857,2301.414141,4538.181818,4829.090909,5061.818182,ms,2557.466544,2527.388535,4599.674797,4859.837398,5067.96748,ms
BenchmarkPerfScheduling/SchedulingPreferredPodAffinity/5000Nodes/sched-1,,,,,,,,,,,,,,,,,,,,,,,,,,,,,,
scheduler_framework_extension_point_duration_seconds,1.160642651,0.782389937,2.015584416,3.054545455,7.822222222,ms,0.440645948,0.326410256,0.739849624,1.371428571,3.093333333,ms,0.973731605,0.653164557,1.437681159,3.2,10.10526316,ms,0.503673255,0.347337278,0.789473684,1.44,3.2,ms,0.525102202,0.335933148,0.937142857,1.508571429,5.333333333,ms
BenchmarkPerfScheduling/SchedulingPreferredPodAffinity/5000Nodes/sched-1,,,,,,,,,,,,,,,,,,,,,,,,,,,,,,
scheduler_framework_extension_point_duration_seconds,2.711620756,2.274098361,4.579816514,6.047706422,17.92,ms,0.978220781,0.732225914,1.520241692,2.4,6.030769231,ms,1.169856097,0.941634241,1.564202335,3.466666667,9.846153846,ms,1.077507733,0.854700855,1.538461538,2.3,6.4,ms,1.220379114,0.775234522,1.589247312,2.933333333,9.6,ms
BenchmarkPerfScheduling/SchedulingPreferredPodAntiAffinity/500Nodes/sched-1,,,,,,,,,,,,,,,,,,,,,,,,,,,,,,
SchedulingThroughput,182,193,206,206,206,pods/s,500,478,522,522,522,pods/s,500,435,565,565,565,pods/s,496.5,445,548,548,548,pods/s,500,406,594,594,594,pods/s
BenchmarkPerfScheduling/SchedulingPreferredPodAntiAffinity/500Nodes/sched-1,,,,,,,,,,,,,,,,,,,,,,,,,,,,,,
scheduler_scheduling_attempt_duration_seconds,10.41945246,10.02076125,15.55709343,22.85714286,53.33333333,ms,3.451235952,3.119075145,5.027027027,7.72972973,15.56756757,ms,3.242695114,3.060465116,3.990697674,8.952380952,22,ms,886.1867757,893.9449541,2019.915612,2289.957806,2505.991561,ms,3.25603946,3.135135135,5.542168675,7.951807229,15.25581395,ms
BenchmarkPerfScheduling/SchedulingPreferredPodAntiAffinity/500Nodes/sched-1,,,,,,,,,,,,,,,,,,,,,,,,,,,,,,
scheduler_pod_scheduling_duration_seconds,2506.649657,2432.439863,4576.475584,4848.237792,5065.647558,ms,765.8067887,767.7366255,1406.846847,1983.423423,2444.684685,ms,727.054461,702.6382979,1247.319149,1717.894737,2391.578947,ms,0.242431411,0.165768194,0.380246914,0.689361702,2,ms,743.0760447,730.1035197,1260.124224,1807.058824,2409.411765,ms
BenchmarkPerfScheduling/SchedulingPreferredPodAntiAffinity/500Nodes/sched-1,,,,,,,,,,,,,,,,,,,,,,,,,,,,,,
scheduler_framework_extension_point_duration_seconds,0.591131181,0.385326087,1.187628866,1.6,5.12,ms,0.241666563,0.157545839,0.357142857,0.595744681,1.473684211,ms,0.411464739,0.314385151,0.603278689,1.371428571,3.2,ms,0.58965245,0.439160839,0.940540541,1.481081081,4.342857143,ms,0.196699509,0.156276446,0.355172414,0.584615385,1.364705882,ms
BenchmarkPerfScheduling/SchedulingPreferredPodAntiAffinity/500Nodes/sched-1,,,,,,,,,,,,,,,,,,,,,,,,,,,,,,
scheduler_framework_extension_point_duration_seconds,1.484408509,1.159743041,2.767346939,3.175510204,9.6,ms,0.489821153,0.361550889,0.761414791,1.232432432,2.962962963,ms,0.495297582,0.342450142,0.764976959,1.339130435,3.2,ms,4.044662838,3.372764787,7.260663507,10.0952381,25.6,ms,0.483316508,0.35600624,0.76097561,1.182608696,2.947368421,ms
BenchmarkPerfScheduling/SchedulingPreferredPodAntiAffinity/5000Nodes/sched-1,,,,,,,,,,,,,,,,,,,,,,,,,,,,,,
SchedulingThroughput,33.86206897,31,68,72,81,pods/s,125,127,175,175,175,pods/s,142.8571429,146,155,155,155,pods/s,142.7142857,141,170,170,170,pods/s,123,118,153,153,153,pods/s
BenchmarkPerfScheduling/SchedulingPreferredPodAntiAffinity/5000Nodes/sched-1,,,,,,,,,,,,,,,,,,,,,,,,,,,,,,
scheduler_scheduling_attempt_duration_seconds,40.5767926,42.12913386,62.28661417,82.61818182,139.6363636,ms,4042.404139,4113.796791,8789.575071,9514.787535,10094.95751,ms,9.753687957,9.462686567,15.43283582,20.8,51.2,ms,10.02112321,7.90625,16.17204301,24.77419355,31.65591398,ms,11.51474371,11.45945946,21.68595041,28.29752066,51.2,ms
BenchmarkPerfScheduling/SchedulingPreferredPodAntiAffinity/5000Nodes/sched-1,,,,,,,,,,,,,,,,,,,,,,,,,,,,,,
scheduler_pod_scheduling_duration_seconds,16274.24595,16862.08202,35681.64948,38320.82474,40432.16495,ms,0.358452494,0.285277247,0.677777778,0.96,3.022222222,ms,3400.870231,3378.942065,8013.913043,9126.956522,10017.3913,ms,3591.645534,3655.257732,8398.273381,9319.136691,10055.82734,ms,3879.88466,3832.55814,8674.250765,9457.125382,10083.42508,ms
BenchmarkPerfScheduling/SchedulingPreferredPodAntiAffinity/5000Nodes/sched-1,,,,,,,,,,,,,,,,,,,,,,,,,,,,,,
scheduler_framework_extension_point_duration_seconds,1.223800273,0.766961652,2.609230769,3.382857143,10.88,ms,0.914715643,0.640096038,1.478481013,2.92173913,6.303030303,ms,0.808033676,0.632828871,1.13814433,1.550515464,6.222222222,ms,0.343594379,0.307988981,0.614634146,0.777235772,2.526315789,ms,0.37107228,0.303833866,0.697744361,1.072340426,2.5,ms
BenchmarkPerfScheduling/SchedulingPreferredPodAntiAffinity/5000Nodes/sched-1,,,,,,,,,,,,,,,,,,,,,,,,,,,,,,
scheduler_framework_extension_point_duration_seconds,2.956058948,2.398194131,5.731555556,7,20.62222222,ms,10.47997615,7.210272873,20.82758621,27.72413793,51.2,ms,1.04562823,0.682485876,1.450847458,2.2,10.4,ms,0.855677469,0.642424242,1.3,2.1,6.012121212,ms,0.963680891,0.663504611,1.505,2.871794872,7.68,ms
BenchmarkPerfScheduling/SchedulingNodeAffinity/500Nodes/namespace-2,,,,,,,,,,,,,,,,,,,,,,,,,,,,,,
SchedulingThroughput,500,376,624,624,624,pods/s,1000,1000,1000,1000,1000,pods/s,500,229,771,771,771,pods/s,953,953,953,953,953,pods/s,1000,1000,1000,1000,1000,pods/s
BenchmarkPerfScheduling/SchedulingNodeAffinity/500Nodes/namespace-2,,,,,,,,,,,,,,,,,,,,,,,,,,,,,,
scheduler_scheduling_attempt_duration_seconds,5.383092491,3.609195402,10,19.74468085,41.84615385,ms,2.651404254,1.644329897,4.8125,7.9375,22.15384615,ms,4.82088512,3.08411215,12.7816092,15.08045977,27.03448276,ms,0.322277474,0.175494673,0.595121951,1.020689655,2.866666667,ms,0.240099144,0.16964539,0.486956522,0.776811594,1.538461538,ms
BenchmarkPerfScheduling/SchedulingNodeAffinity/500Nodes/namespace-2,,,,,,,,,,,,,,,,,,,,,,,,,,,,,,
scheduler_pod_scheduling_duration_seconds,919.3629593,927.7922078,1764.968944,2162.484472,2480.496894,ms,361.289912,351.4754098,584.6265938,613.7704918,637.0856102,ms,632.0187012,513.5802469,1611.851852,2085.925926,2465.185185,ms,0.511058233,0.336239782,0.92972973,1.47027027,3.2,ms,0.448781543,0.331061599,0.767785235,1.210810811,2.311111111,ms
BenchmarkPerfScheduling/SchedulingNodeAffinity/500Nodes/namespace-2,,,,,,,,,,,,,,,,,,,,,,,,,,,,,,
scheduler_framework_extension_point_duration_seconds,0.624230006,0.364735516,1.325714286,2.120930233,6.981818182,ms,0.262293512,0.171428571,0.536986301,0.84,1.890909091,ms,0.789821659,0.420560748,1.980952381,2.742857143,5.082352941,ms,2.866242311,1.669344043,4,11.23809524,26.43478261,ms,2.506681623,1.632911392,3.833333333,7.555555556,20.57142857,ms
BenchmarkPerfScheduling/SchedulingNodeAffinity/500Nodes/namespace-2,,,,,,,,,,,,,,,,,,,,,,,,,,,,,,
scheduler_framework_extension_point_duration_seconds,0.952494969,0.655913978,1.592039801,2.729411765,8.727272727,ms,0.432578191,0.331061599,0.791428571,1.275949367,2.453333333,ms,0.859389439,0.501612903,2.142608696,2.83826087,5.236363636,ms,441.8615723,442.0992908,623.6595745,780,1180,ms,387.3967364,377.704918,587.5409836,613.7704918,634.7540984,ms
BenchmarkPerfScheduling/SchedulingNodeAffinity/5000Nodes/namespace-2,,,,,,,,,,,,,,,,,,,,,,,,,,,,,,
SchedulingThroughput,333.3333333,337,356,356,356,pods/s,500,388,612,612,612,pods/s,496.5,461,532,532,532,pods/s,500,302,698,698,698,pods/s,333.3333333,308,428,428,428,pods/s
BenchmarkPerfScheduling/SchedulingNodeAffinity/5000Nodes/namespace-2,,,,,,,,,,,,,,,,,,,,,,,,,,,,,,
scheduler_scheduling_attempt_duration_seconds,5.797753239,5.05631068,10.24,15.57333333,29.39534884,ms,651.8833146,642.5498008,1152.50996,1216.25498,1267.250996,ms,3.854140488,3.136363636,6.5,12.22222222,22.85714286,ms,2.912052243,2.84592145,4.935064935,7.532467532,14.52631579,ms,5.347787996,3.733102253,8.701754386,15.71929825,35.2,ms
BenchmarkPerfScheduling/SchedulingNodeAffinity/5000Nodes/namespace-2,,,,,,,,,,,,,,,,,,,,,,,,,,,,,,
scheduler_pod_scheduling_duration_seconds,1338.294118,1370.408922,2322.081784,2441.040892,2536.208178,ms,0.427845281,0.324528302,0.793442623,1.429508197,3.142857143,ms,948.1262358,948.202765,2094.545455,2327.272727,2513.454545,ms,672.4686548,666.9731801,1157.394636,1218.697318,1267.739464,ms,1203.934316,1174.879227,2263.703704,2411.851852,2530.37037,ms
BenchmarkPerfScheduling/SchedulingNodeAffinity/5000Nodes/namespace-2,,,,,,,,,,,,,,,,,,,,,,,,,,,,,,
scheduler_framework_extension_point_duration_seconds,0.862502113,0.612807882,1.588732394,2.775,5.828571429,ms,0.722189799,0.622115385,1.371428571,2.432876712,4.977777778,ms,0.889463612,0.637992832,1.402469136,2.742857143,6.4,ms,0.425030721,0.327799736,0.857142857,1.428571429,2.890322581,ms,0.825098367,0.446575342,1.496932515,2.608695652,6.4,ms
BenchmarkPerfScheduling/SchedulingNodeAffinity/5000Nodes/namespace-2,,,,,,,,,,,,,,,,,,,,,,,,,,,,,,
scheduler_framework_extension_point_duration_seconds,1.358995214,1.095953757,2.681481481,4.16,8.861538462,ms,3.040526242,2.717171717,5.055555556,7.833333333,19.2,ms,0.874904639,0.644200244,1.562352941,2.568421053,5.2,ms,0.687423605,0.624670659,1.294545455,2.227027027,3.091891892,ms,1.252835979,0.794477318,2.375257732,3.2,10.31111111,ms
BenchmarkPerfScheduling/TopologySpreading/500Nodes/namespace-2,,,,,,,,,,,,,,,,,,,,,,,,,,,,,,
SchedulingThroughput,434.5,370,499,499,499,pods/s,500,232,768,768,768,pods/s,500,352,648,648,648,pods/s,844,844,844,844,844,pods/s,500,494,506,506,506,pods/s
BenchmarkPerfScheduling/TopologySpreading/500Nodes/namespace-2,,,,,,,,,,,,,,,,,,,,,,,,,,,,,,
scheduler_pod_scheduling_duration_seconds,1079.211669,1075.338753,2224.921466,2392.460733,2526.492147,ms,2.788452244,1.9765625,4.777777778,7.555555556,15.52941176,ms,0.470592851,0.332446809,0.8,1.425,3.2,ms,492.311091,486.2068966,1048.953069,1164.476534,1256.895307,ms,4.256956934,3.421538462,7.703056769,12.4,25.9047619,ms
BenchmarkPerfScheduling/TopologySpreading/500Nodes/namespace-2,,,,,,,,,,,,,,,,,,,,,,,,,,,,,,
scheduler_framework_extension_point_duration_seconds,0.405212889,0.296240602,0.776585366,1.253731343,2.577777778,ms,608.7385691,610.9785203,1141.471861,1210.735931,1266.147186,ms,0.479838672,0.342045455,0.764651163,1.2,3.6,ms,0.261662741,0.165870307,0.477108434,0.718072289,1.6,ms,852.1260872,856.7741935,1815.813953,2187.906977,2485.581395,ms
BenchmarkPerfScheduling/TopologySpreading/500Nodes/namespace-2,,,,,,,,,,,,,,,,,,,,,,,,,,,,,,
scheduler_framework_extension_point_duration_seconds,0.72482088,0.58503937,1.394152047,1.84,4.676923077,ms,0.241689304,0.172963605,0.482474227,0.688659794,1.411764706,ms,2.816168355,2.495344507,3.985102421,6.875,20.36363636,ms,0.384508644,0.315429918,0.634285714,1.142857143,2.729411765,ms,0.373601777,0.225308642,0.762790698,1.247058824,2.6,ms
BenchmarkPerfScheduling/TopologySpreading/500Nodes/namespace-2,,,,,,,,,,,,,,,,,,,,,,,,,,,,,,
scheduler_scheduling_attempt_duration_seconds,5.131526881,4.434968017,7.846481876,12.65454545,28.95238095,ms,0.416484496,0.328331177,0.734693878,1.15862069,2.584615385,ms,632.3487617,631.6339869,1149.918699,1214.95935,1266.99187,ms,2.743526215,1.717360115,3.906103286,7.902439024,23.46666667,ms,0.627636458,0.427,1.076923077,1.58974359,5.257142857,ms
BenchmarkPerfScheduling/TopologySpreading/5000Nodes/namespace-2,,,,,,,,,,,,,,,,,,,,,,,,,,,,,,
SchedulingThroughput,109.2222222,122,133,133,133,pods/s,199.5555556,201,306,306,306,pods/s,236.625,243,258,258,258,pods/s,81.125,86,96,131,166,pods/s,107.4444444,108,120,175,175,pods/s
BenchmarkPerfScheduling/TopologySpreading/5000Nodes/namespace-2,,,,,,,,,,,,,,,,,,,,,,,,,,,,,,
scheduler_framework_extension_point_duration_seconds,1.010269356,0.680631277,2.241584158,3.033663366,6.24516129,ms,7.68553406,6.210095498,15.48051948,26.35971223,56.19512195,ms,6.311171081,6.147232671,7.866738313,17.18518519,38.66666667,ms,1.343144458,0.842244224,2.914909091,4.657142857,10.9037037,ms,14.43146135,12.04278075,22.71328671,37.49494949,63.35353535,ms
BenchmarkPerfScheduling/TopologySpreading/5000Nodes/namespace-2,,,,,,,,,,,,,,,,,,,,,,,,,,,,,,
scheduler_framework_extension_point_duration_seconds,1.429120379,1.113618677,2.706719368,4.151351351,10.99487179,ms,5457.038504,6134.14595,9418.82919,9829.414595,10157.88292,ms,4086.46132,4088.242424,8844.904632,9542.452316,10100.49046,ms,1.87186406,1.336145733,3.2768,5.8368,12.58666667,ms,9214.849573,9319.933444,18184.03587,19332.01794,20250.40359,ms
BenchmarkPerfScheduling/TopologySpreading/5000Nodes/namespace-2,,,,,,,,,,,,,,,,,,,,,,,,,,,,,,
scheduler_scheduling_attempt_duration_seconds,14.18890476,12.18423107,27.3258427,38.4,61.67272727,ms,0.573649964,0.356385752,1.2,2,4.730434783,ms,0.85164008,0.675103164,1.500759494,2.322123894,5.942857143,ms,18.86408134,14.95535714,31.50070922,52.62809917,107.8518519,ms,1.052411261,0.641479524,2.294339623,3.580952381,8.421052632,ms
BenchmarkPerfScheduling/TopologySpreading/5000Nodes/namespace-2,,,,,,,,,,,,,,,,,,,,,,,,,,,,,,
scheduler_pod_scheduling_duration_seconds,9199.771935,9795.799087,18351.10187,19415.55094,20267.11019,ms,0.863557271,0.639135654,1.394285714,2.623255814,6.274509804,ms,0.90284386,0.623713647,0.888073394,1.808695652,8.96,ms,12251.86617,11817.67442,31160.95694,36060.47847,39980.09569,ms,1.470791602,1.145670009,2.660674157,3.792592593,11.008,ms
BenchmarkPerfScheduling/PreferredTopologySpreading/500Nodes/namespace-2,,,,,,,,,,,,,,,,,,,,,,,,,,,,,,
SchedulingThroughput,333.3333333,458,463,463,463,pods/s,974,974,974,974,974,pods/s,500,272,728,728,728,pods/s,250,209,371,371,371,pods/s,500,352,648,648,648,pods/s
BenchmarkPerfScheduling/PreferredTopologySpreading/500Nodes/namespace-2,,,,,,,,,,,,,,,,,,,,,,,,,,,,,,
scheduler_scheduling_attempt_duration_seconds,5.246500174,3.949317739,11.05084746,14.44067797,26.88,ms,418.188128,404.137931,874.9367089,1077.468354,1239.493671,ms,0.39439015,0.317772512,0.661728395,1.251282051,2.826666667,ms,7.95727624,6.335025381,15.23371648,23.27272727,50.82352941,ms,3.415093942,2.737588652,6.120481928,10,24,ms
BenchmarkPerfScheduling/PreferredTopologySpreading/500Nodes/namespace-2,,,,,,,,,,,,,,,,,,,,,,,,,,,,,,
scheduler_pod_scheduling_duration_seconds,950.0427629,923.4498834,2069.578544,2314.789272,2510.957854,ms,0.18598457,0.147747748,0.348648649,0.511627907,1.6,ms,0.503062346,0.354559505,0.76534296,1.233333333,3.04,ms,1997.297088,2048,4260.939597,4690.469799,5034.09396,ms,638.5824364,635.4545455,1150.707071,1215.353535,1267.070707,ms
BenchmarkPerfScheduling/PreferredTopologySpreading/500Nodes/namespace-2,,,,,,,,,,,,,,,,,,,,,,,,,,,,,,
scheduler_framework_extension_point_duration_seconds,0.378359675,0.263975155,0.791351351,1.284210526,2.442105263,ms,0.42484123,0.319904077,0.661386139,1.072727273,3.066666667,ms,2.719490869,2.540636042,3.954063604,7.083333333,15.25,ms,0.680236591,0.374789916,1.364705882,2.145454545,5.4,ms,0.247088901,0.16913767,0.463157895,0.726315789,1.6,ms
BenchmarkPerfScheduling/PreferredTopologySpreading/500Nodes/namespace-2,,,,,,,,,,,,,,,,,,,,,,,,,,,,,,
scheduler_framework_extension_point_duration_seconds,0.873177801,0.653956835,1.6,2.666666667,5.6,ms,2.409673294,1.627352572,3.503649635,5.641025641,22.4,ms,575.3016401,558.6592179,1123.520782,1201.760391,1264.352078,ms,1.307926964,0.910662824,2.73006993,3.795348837,10.97142857,ms,0.585313739,0.381488203,0.923943662,1.487323944,4.622222222,ms
BenchmarkPerfScheduling/PreferredTopologySpreading/5000Nodes/namespace-2,,,,,,,,,,,,,,,,,,,,,,,,,,,,,,
SchedulingThroughput,86.04347826,72,180,187,206,pods/s,400,430,502,502,502,pods/s,333.3333333,349,380,380,380,pods/s,111.1111111,122,153,153,153,pods/s,285.7142857,314,331,331,331,pods/s
BenchmarkPerfScheduling/PreferredTopologySpreading/5000Nodes/namespace-2,,,,,,,,,,,,,,,,,,,,,,,,,,,,,,
scheduler_scheduling_attempt_duration_seconds,19.68922836,18.04958678,31.27272727,48.90566038,108.6511628,ms,4.028967167,3.160766106,5.833333333,8.857142857,19.33333333,ms,4.891948822,3.872659176,7.646326276,13.04347826,28.6,ms,0.985290783,0.649951028,1.784172662,2.935251799,7.529411765,ms,5.807235094,5.838813669,7.901998711,13.22105263,28.96551724,ms
BenchmarkPerfScheduling/PreferredTopologySpreading/5000Nodes/namespace-2,,,,,,,,,,,,,,,,,,,,,,,,,,,,,,
scheduler_pod_scheduling_duration_seconds,13431.02245,13170.63973,20066.26263,27486.31579,38265.26316,ms,2169.224065,2168.447205,4482.391034,4801.195517,5056.239103,ms,2826.067353,2796.390346,4945.393494,6447.407407,9481.481481,ms,2.243265097,1.663589744,4.127272727,5.945454545,13.47368421,ms,3232.840079,3205.953488,7371.652661,8805.826331,9953.165266,ms
BenchmarkPerfScheduling/PreferredTopologySpreading/5000Nodes/namespace-2,,,,,,,,,,,,,,,,,,,,,,,,,,,,,,
scheduler_framework_extension_point_duration_seconds,1.279070187,0.779166667,2.804123711,4.184615385,10.15172414,ms,0.290287672,0.188183422,0.565217391,0.782608696,1.548051948,ms,0.750970754,0.624351747,0.942372881,1.765517241,6.128813559,ms,14.85410176,13.11576011,27.76103896,31.91688312,61.36470588,ms,0.39587074,0.314184898,0.693129771,1.103797468,2.809756098,ms
BenchmarkPerfScheduling/PreferredTopologySpreading/5000Nodes/namespace-2,,,,,,,,,,,,,,,,,,,,,,,,,,,,,,
scheduler_framework_extension_point_duration_seconds,2.970344292,2.224046921,5.803389831,7.529411765,21.1027027,ms,0.659575045,0.614822771,0.786680988,1.352727273,3.127272727,ms,0.838992025,0.642424242,1.289795918,1.709589041,4.736,ms,7853.616572,7543.792633,17144.49511,18812.24756,20146.44951,ms,0.876275535,0.686738351,1.444135189,1.647058824,4.992,ms
BenchmarkPerfScheduling/MixedSchedulingBasePod/500Nodes/namespace-7,,,,,,,,,,,,,,,,,,,,,,,,,,,,,,
SchedulingThroughput,333.3333333,331,540,540,540,pods/s,500,343,657,657,657,pods/s,488,15,961,961,961,pods/s,500,480,520,520,520,pods/s,919,919,919,919,919,pods/s
BenchmarkPerfScheduling/MixedSchedulingBasePod/500Nodes/namespace-7,,,,,,,,,,,,,,,,,,,,,,,,,,,,,,
scheduler_scheduling_attempt_duration_seconds,4.697528428,3.744488978,9.376397516,13.73167702,25.32190476,ms,2.074498499,1.601858224,3.235714286,4.651948052,10.00363636,ms,0.332793264,0.311161583,0.484150943,0.847692308,1.572615385,ms,3.760153136,3.306603774,7.294308943,8.063157895,15.42315789,ms,1097.669696,1085.683646,2215.744292,2387.872146,2525.574429,ms
BenchmarkPerfScheduling/MixedSchedulingBasePod/500Nodes/namespace-7,,,,,,,,,,,,,,,,,,,,,,,,,,,,,,
scheduler_pod_scheduling_duration_seconds,1919.780502,1950.355731,4248.605825,4684.302913,5032.860583,ms,808.560827,817.7419355,1269.096774,1851.544304,2418.308861,ms,0.438875544,0.333433962,0.722666667,1.026206897,2.178782609,ms,1385.022419,1441.032258,2403.372043,2523.664516,4386.413115,ms,0.20683452,0.163287905,0.385454545,0.611746032,1.178,ms
BenchmarkPerfScheduling/MixedSchedulingBasePod/500Nodes/namespace-7,,,,,,,,,,,,,,,,,,,,,,,,,,,,,,
scheduler_framework_extension_point_duration_seconds,0.338746358,0.216542751,0.720775194,1.100618557,2.290181818,ms,0.155392863,0.142271784,0.318091286,0.390580913,0.739304348,ms,2.335830859,1.814456722,3.788339223,5.312643678,11.78769231,ms,0.281447149,0.193829296,0.590325581,0.752837209,1.660571429,ms,0.461961824,0.35532102,0.758336634,1.14,2.683151515,ms
BenchmarkPerfScheduling/MixedSchedulingBasePod/500Nodes/namespace-7,,,,,,,,,,,,,,,,,,,,,,,,,,,,,,
scheduler_framework_extension_point_duration_seconds,0.757185852,0.57748503,1.474,2.255849057,4.912,ms,0.35025773,0.316023936,0.577105263,0.827179487,1.543897436,ms,1055.044875,1050.385164,2202.28752,2381.14376,2524.228752,ms,0.597849013,0.491596639,1.229855072,1.483043478,2.912444444,ms,2.774624325,2.459488273,3.96652452,6.935353535,14.69132075,ms
BenchmarkPerfScheduling/MixedSchedulingBasePod/5000Nodes/namespace-7,,,,,,,,,,,,,,,,,,,,,,,,,,,,,,
SchedulingThroughput,66.66666667,73,80,85,85,pods/s,333.3333333,360,458,458,458,pods/s,250,243,362,362,362,pods/s,250,225,329,329,329,pods/s,240.25,285,317,317,317,pods/s
BenchmarkPerfScheduling/MixedSchedulingBasePod/5000Nodes/namespace-7,,,,,,,,,,,,,,,,,,,,,,,,,,,,,,
scheduler_scheduling_attempt_duration_seconds,18.56581716,14.79952969,38.52333333,53.245,81.52571429,ms,5.784957964,5.344767778,9.044444444,14.80326797,29.68603279,ms,6.422203549,5.995113538,8.777002053,16.08888889,30.7030491,ms,5.732118769,5.293497364,8.892105263,14.70263158,29.53780731,ms,7.172555072,6.424568966,13.18640906,15.53924051,30.41675676,ms
BenchmarkPerfScheduling/MixedSchedulingBasePod/5000Nodes/namespace-7,,,,,,,,,,,,,,,,,,,,,,,,,,,,,,
scheduler_pod_scheduling_duration_seconds,43857.77136,35672.25614,115855.9576,139847.9788,159041.5958,ms,18564.80391,19272.87231,36492.3278,38726.1639,40513.23278,ms,21107.28819,21180.57268,37004.11454,38982.05727,40564.41145,ms,15215.02734,14623.37478,34513.83607,37736.91803,40315.38361,ms,20835.0149,20505.48416,36869.09683,38914.54842,40550.90968,ms
BenchmarkPerfScheduling/MixedSchedulingBasePod/5000Nodes/namespace-7,,,,,,,,,,,,,,,,,,,,,,,,,,,,,,
scheduler_framework_extension_point_duration_seconds,0.9400049,0.640317919,2.081826484,2.888401826,5.931663551,ms,0.320378001,0.273785971,0.64,0.787447699,1.570397554,ms,0.769114575,0.645369985,1.320138648,1.776416185,4.448,ms,0.319778031,0.286274896,0.6253125,0.778628472,1.570138614,ms,0.376962835,0.319487485,0.673889348,0.929565217,2.250472727,ms
BenchmarkPerfScheduling/MixedSchedulingBasePod/5000Nodes/namespace-7,,,,,,,,,,,,,,,,,,,,,,,,,,,,,,
scheduler_framework_extension_point_duration_seconds,2.22053756,1.540437624,4.881860465,6.055548173,13.10287324,ms,0.749091487,0.627997408,1.042342606,1.558360176,5.364903226,ms,1.006071933,0.675124533,1.461676582,2.44973913,10.02421858,ms,0.743833056,0.631132695,1.145718194,1.737402597,5.050064516,ms,0.89128305,0.6884496,1.440070175,1.594947368,5.725928058,ms
BenchmarkPerfScheduling/PreemptionBasic/500Nodes/namespace-2,,,,,,,,,,,,,,,,,,,,,,,,,,,,,,
SchedulingThroughput,41.66666667,0,35,461,461,pods/s,83.33333333,1,390,390,390,pods/s,83.33333333,1,475,475,475,pods/s,55.55555556,0,490,490,490,pods/s,71.42857143,1,375,375,375,pods/s
BenchmarkPerfScheduling/PreemptionBasic/500Nodes/namespace-2,,,,,,,,,,,,,,,,,,,,,,,,,,,,,,
scheduler_scheduling_attempt_duration_seconds,47.62450628,28.28056112,177.9512195,216.9756098,248.195122,ms,0.68095885,0.424489796,1.6,2.509090909,4,ms,22.56752855,14.91289199,56,67.62264151,115.9245283,ms,11210.22093,15349.73948,19453.9479,19966.97395,20377.39479,ms,28.09151639,15.16712329,75.96747967,101.9837398,122.796748,ms
BenchmarkPerfScheduling/PreemptionBasic/500Nodes/namespace-2,,,,,,,,,,,,,,,,,,,,,,,,,,,,,,
scheduler_pod_scheduling_duration_seconds,15478.82572,15349.73948,19453.9479,19966.97395,20377.39479,ms,20.25148639,12.85981308,54.08849558,78.76923077,118.1538462,ms,6575.48166,7669.718876,9725.943775,9982.971888,10188.59438,ms,1.11672195,0.711111111,3.037974684,4.441791045,6.352238806,ms,5930.982054,7669.718876,9725.943775,9982.971888,10188.59438,ms
BenchmarkPerfScheduling/PreemptionBasic/500Nodes/namespace-2,,,,,,,,,,,,,,,,,,,,,,,,,,,,,,
scheduler_framework_extension_point_duration_seconds,1.449220312,0.75,4.043636364,5.498181818,10.83076923,ms,6748.367921,7674.869739,9726.973948,9983.486974,10188.69739,ms,0.847301472,0.8,2.150537634,3.010752688,6.012121212,ms,47.81009751,30.36421725,116.4387097,126.7612903,226.9090909,ms,0.716244497,0.4,1.57037037,2.410958904,4.8,ms
BenchmarkPerfScheduling/PreemptionPVs/500Nodes/namespace-2,,,,,,,,,,,,,,,,,,,,,,,,,,,,,,
SchedulingThroughput,22.31818182,0,1,78,406,pods/s,71.42857143,1,447,447,447,pods/s,56,1,441,441,441,pods/s,38.46153846,1,20,469,469,pods/s,71.42857143,2,440,440,440,pods/s
BenchmarkPerfScheduling/PreemptionPVs/500Nodes/namespace-2,,,,,,,,,,,,,,,,,,,,,,,,,,,,,,
scheduler_scheduling_attempt_duration_seconds,40.07788741,29.83966245,105.3451327,150.0689655,238.3448276,ms,8.304491474,8.997987928,15.43661972,21,48,ms,8.788325855,8.157635468,16.43835616,27.39726027,57.33333333,ms,15.22857777,12.07582938,29.66371681,42.88,93.86666667,ms,7.290039356,8.017660044,15.0816777,15.96467991,32,ms
BenchmarkPerfScheduling/PreemptionPVs/500Nodes/namespace-2,,,,,,,,,,,,,,,,,,,,,,,,,,,,,,
scheduler_pod_scheduling_duration_seconds,23745.38693,30595.62753,38887.12551,39923.56275,40752.71255,ms,6550.784156,7654.141414,9722.828283,9981.414141,10188.28283,ms,8167.645357,7659.354839,9723.870968,9981.935484,10188.3871,ms,12200.67822,15297.81377,19443.56275,19961.78138,20376.35628,ms,6413.378842,7648.906883,9721.781377,9980.890688,10188.17814,ms
BenchmarkPerfScheduling/PreemptionPVs/500Nodes/namespace-2,,,,,,,,,,,,,,,,,,,,,,,,,,,,,,
scheduler_framework_extension_point_duration_seconds,4.040909322,2.171428571,10.66666667,12.75816993,34.74285714,ms,1.23593325,0.820689655,2.904545455,3.131818182,12.26666667,ms,1.522305005,0.872727273,3.152238806,5.13015873,11.45263158,ms,2.103013834,1.605536332,5.589333333,8.186046512,20,ms,1.206150238,0.816,2.895442359,3.109919571,10.33846154,ms
BenchmarkPerfScheduling/Unschedulable/500Nodes/200InitPods/namespace-2,,,,,,,,,,,,,,,,,,,,,,,,,,,,,,
SchedulingThroughput,250,270,341,341,341,pods/s,500,20,980,980,980,pods/s,500,283,717,717,717,pods/s,500,269,731,731,731,pods/s,500,424,576,576,576,pods/s
BenchmarkPerfScheduling/Unschedulable/500Nodes/200InitPods/namespace-2,,,,,,,,,,,,,,,,,,,,,,,,,,,,,,
scheduler_pod_scheduling_duration_seconds,3383.054899,3482.25641,4795.076923,4959.179487,5090.461538,ms,0.579923263,0.2133829,1.195959596,1.933333333,5.485714286,ms,2.216626218,1.774193548,3.708683473,4.592592593,9.230769231,ms,2.29128517,1.916030534,3.785714286,4.654545455,9.333333333,ms,1.872799691,1.595829196,2.901234568,3.641975309,7.8,ms
BenchmarkPerfScheduling/Unschedulable/500Nodes/200InitPods/namespace-2,,,,,,,,,,,,,,,,,,,,,,,,,,,,,,
scheduler_framework_extension_point_duration_seconds,1.136424643,0.760220994,2.589247312,3.105376344,6.4,ms,0.561536443,0.421776504,1.202877698,1.490647482,2.8,ms,1096.653399,1059.397117,2019.915612,2289.957806,2505.991561,ms,1109.352973,1071.266846,2063.875969,2311.937984,2510.387597,ms,880.1403169,950.1030928,1214.020619,1247.010309,1273.402062,ms
BenchmarkPerfScheduling/Unschedulable/500Nodes/200InitPods/namespace-2,,,,,,,,,,,,,,,,,,,,,,,,,,,,,,
scheduler_framework_extension_point_duration_seconds,1.835864562,1.509974425,3.271910112,5.069662921,8.145454545,ms,3.364168815,2.23255814,6.860103627,8.888888889,23.11111111,ms,0.482849137,0.342994012,1.032061069,1.398473282,3.2,ms,0.318264882,0.185403727,0.72962963,1.075,2.2,ms,0.251523164,0.167628205,0.640394089,0.75862069,1.417142857,ms
BenchmarkPerfScheduling/Unschedulable/500Nodes/200InitPods/namespace-2,,,,,,,,,,,,,,,,,,,,,,,,,,,,,,
scheduler_scheduling_attempt_duration_seconds,9.018239483,7.632478632,15.50214592,23.51515152,48.64,ms,2363.8292,2025.052386,3304.397163,4212.198582,4938.439716,ms,0.439281677,0.35600624,0.748821549,0.988235294,1.745454545,ms,0.461603225,0.384842884,0.780901857,1.16056338,1.745454545,ms,0.368908376,0.327784891,0.660773481,0.771270718,1.4,ms
BenchmarkPerfScheduling/Unschedulable/5000Nodes/200InitPods/namespace-2,,,,,,,,,,,,,,,,,,,,,,,,,,,,,,
SchedulingThroughput,169.0344828,159,231,240,251,pods/s,785.1666667,868,923,923,923,pods/s,531.6666667,589,613,613,613,pods/s,277.7777778,260,445,462,462,pods/s,829.8333333,886,921,921,921,pods/s
BenchmarkPerfScheduling/Unschedulable/5000Nodes/200InitPods/namespace-2,,,,,,,,,,,,,,,,,,,,,,,,,,,,,,
scheduler_scheduling_attempt_duration_seconds,14.79378903,11.93310105,28.68965517,42.14886731,63.68932039,ms,2.986979063,2.179990863,5.032258065,8.28,21,ms,4.0162699,3.191821732,7.479674797,12.41666667,25.6,ms,8.770568804,6.43502052,15.5331992,27.62589928,58.9044586,ms,2.877494431,2.071462601,4.689230769,7.889230769,15.69082126,ms
BenchmarkPerfScheduling/Unschedulable/5000Nodes/200InitPods/namespace-2,,,,,,,,,,,,,,,,,,,,,,,,,,,,,,
scheduler_pod_scheduling_duration_seconds,27695.56674,27493.40347,38266.68069,39613.34035,40690.66807,ms,6103.482117,6565.007178,9505.001436,9872.500718,10166.50014,ms,8423.955899,8358.718861,16419.73037,18449.86519,20073.97304,ms,17474.63366,17619.64831,34271.56107,37615.78054,40291.15611,ms,5846.917664,6280.828951,9448.16579,9844.082895,10160.81658,ms
BenchmarkPerfScheduling/Unschedulable/5000Nodes/200InitPods/namespace-2,,,,,,,,,,,,,,,,,,,,,,,,,,,,,,
scheduler_framework_extension_point_duration_seconds,2.241641637,1.110297483,3.957632399,7.490909091,23.40122699,ms,0.500793302,0.192035398,0.72119403,1.398830409,6.242944785,ms,1.03990212,0.630868629,1.432323232,4.087591241,11.68484848,ms,1.4206758,0.634436451,2.327683616,5.664367816,20.34871795,ms,0.488797158,0.186840347,0.697484277,1.383458647,6.048554913,ms
BenchmarkPerfScheduling/Unschedulable/5000Nodes/200InitPods/namespace-2,,,,,,,,,,,,,,,,,,,,,,,,,,,,,,
scheduler_framework_extension_point_duration_seconds,3.215815244,2.625695364,6.019896065,8.722580645,19.2,ms,0.616620566,0.608341511,0.906515581,1.473087819,2.832085561,ms,0.820818353,0.647341083,1.427101201,2.203039514,3.175683891,ms,1.884133729,1.494716243,3.137812326,5.07012987,11.63636364,ms,0.598125588,0.60979152,0.797189037,1.42633452,2.815300546,ms
BenchmarkPerfScheduling/Unschedulable/5000Nodes/2000InitPods/namespace-2,,,,,,,,,,,,,,,,,,,,,,,,,,,,,,
SchedulingThroughput,133.5135135,138,173,182,184,pods/s,747.6666667,709,920,920,920,pods/s,555.5555556,577,612,612,612,pods/s,555.5555556,622,647,647,647,pods/s,625,620,697,697,697,pods/s
BenchmarkPerfScheduling/Unschedulable/5000Nodes/2000InitPods/namespace-2,,,,,,,,,,,,,,,,,,,,,,,,,,,,,,
scheduler_framework_extension_point_duration_seconds,6.957793581,1.687712665,21.73981603,24.68331143,54.3030303,ms,6.382681676,3.275792854,14.77804296,20.94736842,49.36434109,ms,7.118339942,3.536939314,14.89143481,21.58545455,51.82822086,ms,65922.51851,61440,77824,79872,81510.4,ms,2.263791026,0.366666667,6.727933884,10.43041322,20.42553191,ms
BenchmarkPerfScheduling/Unschedulable/5000Nodes/2000InitPods/namespace-2,,,,,,,,,,,,,,,,,,,,,,,,,,,,,,
scheduler_framework_extension_point_duration_seconds,3.764551669,2.922684792,6.298783455,10.42285714,22.37117117,ms,38944.40411,32411.95059,53034.24542,67477.12271,79031.42454,ms,42317.69641,51233.75487,75782.75097,78851.37549,81306.2751,ms,3.18661644,0.373756695,11.05,16.13498759,25.02828784,ms,0.825418257,0.679562658,1.48213628,2.16916996,4.661728395,ms
BenchmarkPerfScheduling/Unschedulable/5000Nodes/2000InitPods/namespace-2,,,,,,,,,,,,,,,,,,,,,,,,,,,,,,
scheduler_scheduling_attempt_duration_seconds,26.29745984,15.19137134,57.56549865,63.6032345,151.7037037,ms,2.015606193,0.334030046,5.907533806,8.401126761,17.86373626,ms,2.882259834,0.707813587,10.25185185,11.84729345,26.66666667,ms,0.844704488,0.687561328,1.503945111,2.247058824,4.701234568,ms,7.366469027,3.545591182,16.80720721,26.8972973,54.42176871,ms
BenchmarkPerfScheduling/Unschedulable/5000Nodes/2000InitPods/namespace-2,,,,,,,,,,,,,,,,,,,,,,,,,,,,,,
scheduler_pod_scheduling_duration_seconds,144155.325,122880,155648,159744,163020.8,ms,0.689188382,0.629871414,1.25807771,1.853281853,3.088803089,ms,0.784728623,0.630786984,1.22278481,2.103426791,3.100311526,ms,10.0911563,3.582179713,30.40620957,47.62790698,63.65652952,ms,44356.90255,61440,77824,79872,81510.4,ms
BenchmarkPerfScheduling/SchedulingWithMixedChurn/1000Nodes/namespace-2,,,,,,,,,,,,,,,,,,,,,,,,,,,,,,
SchedulingThroughput,219,200,312,312,312,pods/s,500,215,785,785,785,pods/s,500,453,547,547,547,pods/s,500,275,725,725,725,pods/s,500,306,694,694,694,pods/s
BenchmarkPerfScheduling/SchedulingWithMixedChurn/1000Nodes/namespace-2,,,,,,,,,,,,,,,,,,,,,,,,,,,,,,
scheduler_scheduling_attempt_duration_seconds,10.06659984,8.997772829,17.41818182,26.52727273,48.80842105,ms,0.289242787,0.182641196,0.674,0.903478261,1.599826087,ms,3.373291501,3.137931034,5.871604938,9.208695652,17.584,ms,3.020263253,2.712255773,5.531313131,7.553535354,14.82117647,ms,3.070069614,2.830045524,4.827777778,7.608333333,15.33111111,ms
BenchmarkPerfScheduling/SchedulingWithMixedChurn/1000Nodes/namespace-2,,,,,,,,,,,,,,,,,,,,,,,,,,,,,,
scheduler_pod_scheduling_duration_seconds,2064.301207,2021.561713,4351.231231,4735.615616,5043.123123,ms,0.650141261,0.574558304,1.262857143,1.548571429,3.058823529,ms,806.6618954,796.0680529,1280,1920,2432,ms,629.0284449,616.656535,1145.546218,1212.773109,1266.554622,ms,653.1092362,648.8362919,1153.767258,1216.883629,1267.376726,ms
BenchmarkPerfScheduling/SchedulingWithMixedChurn/1000Nodes/namespace-2,,,,,,,,,,,,,,,,,,,,,,,,,,,,,,
scheduler_framework_extension_point_duration_seconds,1.06612728,0.737160121,2.49344,3.13472,6.070153846,ms,2.733917356,1.981372549,5.283478261,7.024347826,13.04842105,ms,0.648265421,0.513243762,1.056190476,1.532857143,4.920615385,ms,0.324010668,0.207210031,0.6903125,1.025660377,1.998,ms,0.308552544,0.219345238,0.678848921,0.9325,1.599833333,ms
BenchmarkPerfScheduling/SchedulingWithMixedChurn/1000Nodes/namespace-2,,,,,,,,,,,,,,,,,,,,,,,,,,,,,,
scheduler_framework_extension_point_duration_seconds,2.384273976,1.926530612,5.169230769,6.288111888,12.8,ms,580.2450391,619.8198198,1148.312757,1214.156379,1266.831276,ms,0.789214725,0.647831475,1.414876033,2.251851852,4.906666667,ms,0.735067377,0.634202899,1.392207792,1.972093023,4.693333333,ms,0.777998587,0.636056338,1.389189189,1.974468085,4.8,ms
BenchmarkPerfScheduling/SchedulingWithMixedChurn/5000Nodes/namespace-2,,,,,,,,,,,,,,,,,,,,,,,,,,,,,,
SchedulingThroughput,250,248,349,349,349,pods/s,666.6666667,724,816,816,816,pods/s,333.3333333,203,601,601,601,pods/s,635,685,701,701,701,pods/s,622,645,709,709,709,pods/s
BenchmarkPerfScheduling/SchedulingWithMixedChurn/5000Nodes/namespace-2,,,,,,,,,,,,,,,,,,,,,,,,,,,,,,
scheduler_scheduling_attempt_duration_seconds,8.41217235,6.502085071,15.25141388,24.23225806,54.02482759,ms,2.803646585,2.570902394,4.616149068,7.10310559,15.33,ms,5.117672992,3.473490427,12.31836735,15.04353741,30.68408163,ms,3.357292769,3.063655031,6.267961165,8.947826087,15.91130435,ms,3.389901968,3.052264808,6.24744186,8.542528736,15.9062069,ms
BenchmarkPerfScheduling/SchedulingWithMixedChurn/5000Nodes/namespace-2,,,,,,,,,,,,,,,,,,,,,,,,,,,,,,
scheduler_pod_scheduling_duration_seconds,3730.113559,3730.358566,7989.450549,9114.725275,10014.94505,ms,1197.570122,1182.857143,2274.922049,2417.461024,2531.492205,ms,2021.92699,1767.955801,4192.463768,4656.231884,5027.246377,ms,1496.272753,1488.140214,2485.219085,3291.428571,4754.285714,ms,1550.600976,1574.622824,2610.196078,3865.098039,4869.019608,ms
BenchmarkPerfScheduling/SchedulingWithMixedChurn/5000Nodes/namespace-2,,,,,,,,,,,,,,,,,,,,,,,,,,,,,,
scheduler_framework_extension_point_duration_seconds,0.932852141,0.610962241,1.711304348,2.873043478,6.397538462,ms,0.316179575,0.201597444,0.679844358,0.9832,1.864888889,ms,0.998012882,0.676029412,2.097272727,3.007727273,7.369846154,ms,0.39418819,0.295634921,0.761578947,1.246614173,2.665777778,ms,0.395331733,0.284977578,0.749908815,1.224504505,2.916705882,ms
BenchmarkPerfScheduling/SchedulingWithMixedChurn/5000Nodes/namespace-2,,,,,,,,,,,,,,,,,,,,,,,,,,,,,,
scheduler_framework_extension_point_duration_seconds,2.055481574,1.546227709,3.248120301,5.654135338,12.672,ms,0.683764779,0.621677893,1.162264151,1.81443299,3.134020619,ms,1.210909508,0.720769848,2.660122699,3.150920245,6.4,ms,0.849240008,0.68155477,1.543414634,2.454135338,5,ms,0.848525705,0.682871357,1.530352941,2.393700787,5.028571429,ms
BenchmarkPerfScheduling/SchedulingRequiredPodAntiAffinityWithNSSelector/5000Nodes/measure-ns-0,,,,,,,,,,,,,,,,,,,,,,,,,,,,,,
SchedulingThroughput,62.5,63,81,82,82,pods/s,58.82352941,59,73,75,75,pods/s,34.13793103,38,50,51,52,pods/s,45.45454545,47,58,58,61,pods/s,50,49,59,60,62,pods/s
BenchmarkPerfScheduling/SchedulingRequiredPodAntiAffinityWithNSSelector/5000Nodes/measure-ns-0,,,,,,,,,,,,,,,,,,,,,,,,,,,,,,
scheduler_scheduling_attempt_duration_seconds,18.518494,14.96864111,30.29041096,39.4893617,82.28571429,ms,8289.439917,8181.960784,17763.81963,19121.90981,20208.38196,ms,33.35732828,26.36766623,64.7032967,99.86813187,128,ms,25.53502459,24.78355502,41.29032258,58.49462366,115.2,ms,23.10315028,23.93357058,31.52550415,49.39130435,107.4285714,ms
BenchmarkPerfScheduling/SchedulingRequiredPodAntiAffinityWithNSSelector/5000Nodes/measure-ns-0,,,,,,,,,,,,,,,,,,,,,,,,,,,,,,
scheduler_pod_scheduling_duration_seconds,7072.690319,6642.162162,16630.37594,18555.18797,20095.03759,ms,6.307527697,5.339325843,11.10672646,12.54170404,24.13714286,ms,12033.58344,10775.63077,30293.33333,35626.66667,39893.33333,ms,10505.60882,11041.92771,19266.82731,20294.93976,35964.87805,ms,9176.173168,8993.062731,18120.553,19300.2765,20244.0553,ms
BenchmarkPerfScheduling/SchedulingRequiredPodAntiAffinityWithNSSelector/5000Nodes/measure-ns-0,,,,,,,,,,,,,,,,,,,,,,,,,,,,,,
scheduler_framework_extension_point_duration_seconds,6.062021664,5.115428571,10.70282486,12.51073446,32.91428571,ms,0.542062429,0.515841584,0.77960396,1.223333333,4.573714286,ms,12.99306823,9.86039783,24.85677419,40.17777778,80,ms,7.715430199,7.874223035,12.55429616,19.09152542,39.82222222,ms,7.281248512,7.293307839,12.18814532,12.8,34.13333333,ms
BenchmarkPerfScheduling/SchedulingRequiredPodAntiAffinityWithNSSelector/5000Nodes/measure-ns-0,,,,,,,,,,,,,,,,,,,,,,,,,,,,,,
scheduler_framework_extension_point_duration_seconds,0.479293093,0.498355263,0.76125,0.794111842,3.056,ms,19.87618899,18.34623218,31.3808554,46.58823529,80,ms,0.977784688,0.680215827,1.493234201,2.577391304,9.415529412,ms,0.67910455,0.564338235,1.248794326,1.532198582,5.272470588,ms,0.614304305,0.548064516,0.895789474,1.421578947,4.896,ms
BenchmarkPerfScheduling/SchedulingPreferredAntiAffinityWithNSSelector/5000Nodes/measure-ns-0,,,,,,,,,,,,,,,,,,,,,,,,,,,,,,
SchedulingThroughput,66.66666667,63,94,94,94,pods/s,142.8571429,149,180,180,180,pods/s,125,145,152,152,152,pods/s,140.7142857,151,169,169,169,pods/s,111.1111111,120,132,132,132,pods/s
BenchmarkPerfScheduling/SchedulingPreferredAntiAffinityWithNSSelector/5000Nodes/measure-ns-0,,,,,,,,,,,,,,,,,,,,,,,,,,,,,,
scheduler_framework_extension_point_duration_seconds,0.64235458,0.413756614,1.188888889,2.107317073,5.458823529,ms,9.481949199,6.989536622,17.39805825,25.16504854,31.37864078,ms,10.27782948,7.558718861,17.36585366,27.12195122,53.81818182,ms,9.857748604,7.929273084,15.51923077,22.25,37.33333333,ms,11.82588948,11.83084577,15.81094527,27.02222222,57.21212121,ms
BenchmarkPerfScheduling/SchedulingPreferredAntiAffinityWithNSSelector/5000Nodes/measure-ns-0,,,,,,,,,,,,,,,,,,,,,,,,,,,,,,
scheduler_framework_extension_point_duration_seconds,1.575283325,1.22437276,2.793513514,3.636363636,11.37777778,ms,3250.64201,3084.525994,8106.666667,9173.333333,10026.66667,ms,4004.657787,4033.939394,8629.937107,9434.968553,10078.99371,ms,3408.960856,3274.013605,8462.222222,9351.111111,10062.22222,ms,4129.902931,4076.190476,8829.53168,9534.76584,10098.95317,ms
BenchmarkPerfScheduling/SchedulingPreferredAntiAffinityWithNSSelector/5000Nodes/measure-ns-0,,,,,,,,,,,,,,,,,,,,,,,,,,,,,,
scheduler_scheduling_attempt_duration_seconds,20.83373543,20.20315236,31.41155867,46.27692308,85.33333333,ms,0.348577242,0.307210031,0.684931507,0.942222222,2.08,ms,0.908377949,0.657400257,1.368786127,1.6,9.955555556,ms,0.347842303,0.31160221,0.65,0.859259259,2.6,ms,0.42849822,0.321553885,0.694915254,1.260606061,2.941935484,ms
BenchmarkPerfScheduling/SchedulingPreferredAntiAffinityWithNSSelector/5000Nodes/measure-ns-0,,,,,,,,,,,,,,,,,,,,,,,,,,,,,,
scheduler_pod_scheduling_duration_seconds,7402.716862,7134.174174,17043.75839,18761.87919,20136.37584,ms,0.834473112,0.63255814,1.244444444,2.529032258,5.6,ms,1.122200877,0.707219662,1.516546763,2.844444444,10.83076923,ms,0.83469695,0.639520958,1.272727273,1.92,5.661538462,ms,0.974961759,0.687769784,1.483333333,2.6,6.4,ms
BenchmarkPerfScheduling/SchedulingRequiredPodAffinityWithNSSelector/5000Nodes/measure-ns-0,,,,,,,,,,,,,,,,,,,,,,,,,,,,,,
SchedulingThroughput,111.1111111,104,128,128,128,pods/s,82.41666667,70,119,135,135,pods/s,55.55555556,43,104,119,119,pods/s,125,126,130,130,130,pods/s,90.45454545,90,98,98,98,pods/s
BenchmarkPerfScheduling/SchedulingRequiredPodAffinityWithNSSelector/5000Nodes/measure-ns-0,,,,,,,,,,,,,,,,,,,,,,,,,,,,,,
scheduler_pod_scheduling_duration_seconds,4405.087894,4384.097859,8978.916256,9609.458128,10113.89163,ms,0.45474281,0.344837758,0.755,1.168,2.694736842,ms,22.62616971,15.70712909,53.28634361,60.33480176,113.7777778,ms,10.2674437,12.12043011,15.56129032,15.99139785,56.24242424,ms,14.20402316,12.53514739,19.78947368,30.31578947,58.25641026,ms
BenchmarkPerfScheduling/SchedulingRequiredPodAffinityWithNSSelector/5000Nodes/measure-ns-0,,,,,,,,,,,,,,,,,,,,,,,,,,,,,,
scheduler_framework_extension_point_duration_seconds,0.353119206,0.318192628,0.594782609,0.768695652,2.266666667,ms,1.002408076,0.746527778,1.517777778,2.23030303,8.533333333,ms,6775.726362,5400.843882,16769.85507,18624.92754,20108.98551,ms,3931.363393,3903.440233,8720.712166,9480.356083,10088.07122,ms,5399.164267,5338.803419,9714.871795,10633.84615,18510.76923,ms
BenchmarkPerfScheduling/SchedulingRequiredPodAffinityWithNSSelector/5000Nodes/measure-ns-0,,,,,,,,,,,,,,,,,,,,,,,,,,,,,,
scheduler_framework_extension_point_duration_seconds,0.82382226,0.626500566,1.0125,1.784615385,6.063157895,ms,15.5723161,14.77171717,29.53524804,31.62402089,85.33333333,ms,1.288292331,0.860952381,2.696855346,3.2,8.685714286,ms,0.34900823,0.314878893,0.529166667,0.7375,2.5,ms,0.428499251,0.332100396,0.707526882,0.975,2.742857143,ms
BenchmarkPerfScheduling/SchedulingRequiredPodAffinityWithNSSelector/5000Nodes/measure-ns-0,,,,,,,,,,,,,,,,,,,,,,,,,,,,,,
scheduler_scheduling_attempt_duration_seconds,11.56138045,12.3299435,15.94576271,28.57142857,59.15151515,ms,5180.289214,4735.336788,11254.77477,15867.38739,19557.47748,ms,1.652147751,1.212847966,3.065263158,5.075862069,11.27619048,ms,0.772034204,0.613219616,0.783795309,1.155555556,5.76,ms,0.946264385,0.688184438,1.421886792,1.572830189,8.533333333,ms
BenchmarkPerfScheduling/SchedulingPreferredAffinityWithNSSelector/5000Nodes/measure-ns-0,,,,,,,,,,,,,,,,,,,,,,,,,,,,,,
SchedulingThroughput,200,219,230,230,230,pods/s,250,271,341,341,341,pods/s,164.8333333,183,200,200,200,pods/s,144.5,102,220,220,220,pods/s,200,222,227,227,227,pods/s
BenchmarkPerfScheduling/SchedulingPreferredAffinityWithNSSelector/5000Nodes/measure-ns-0,,,,,,,,,,,,,,,,,,,,,,,,,,,,,,
scheduler_pod_scheduling_duration_seconds,2207.647297,2214.054054,4510.47619,4815.238095,5059.047619,ms,5.294371901,6.101265823,7.789029536,8,25.73913043,ms,9.404946867,7.25203252,15.37864078,24.15686275,52.86956522,ms,11.05944926,7.64298725,22.76923077,28.92307692,72,ms,7.740805038,6.624671916,13.81052632,15.91578947,29.2173913,ms
BenchmarkPerfScheduling/SchedulingPreferredAffinityWithNSSelector/5000Nodes/measure-ns-0,,,,,,,,,,,,,,,,,,,,,,,,,,,,,,
scheduler_framework_extension_point_duration_seconds,0.437547007,0.329750983,0.752,1.32244898,2.914285714,ms,1548.609302,1534.867257,3264.927536,4192.463768,4934.492754,ms,2705.750204,2735.483871,4800,5058.064516,8892.631579,ms,3624.631149,3715.747304,6684.444444,8462.222222,9884.444444,ms,2264.187241,2302.190813,4542.121896,4831.060948,5062.21219,ms
BenchmarkPerfScheduling/SchedulingPreferredAffinityWithNSSelector/5000Nodes/measure-ns-0,,,,,,,,,,,,,,,,,,,,,,,,,,,,,,
scheduler_framework_extension_point_duration_seconds,1.003328633,0.75335689,1.524119241,2.266666667,6.095238095,ms,0.32731159,0.300729927,0.603389831,0.772881356,2.488888889,ms,1.10633559,0.71201248,1.573134328,3.090909091,10.4,ms,0.648148481,0.365505804,1.22,2,4.8,ms,0.483380266,0.333512786,0.770909091,1.460869565,4.266666667,ms
BenchmarkPerfScheduling/SchedulingPreferredAffinityWithNSSelector/5000Nodes/measure-ns-0,,,,,,,,,,,,,,,,,,,,,,,,,,,,,,
scheduler_scheduling_attempt_duration_seconds,7.589831786,6.706359946,13.88127854,15.70776256,28.19047619,ms,0.755626602,0.61691974,0.790455531,1.546666667,5.376,ms,1.401238305,1.190163934,2.197014925,4.025806452,10.752,ms,1.421522261,0.970992366,2.655072464,3.490909091,10.97142857,ms,1.036046694,0.750877193,1.537430168,2.48,6.981818182,ms
